id,price,bedrooms,bathrooms,sqft_living,sqft_lot,floors,view,condition,grade,sqft_above,yr_built
7796600070,195000,3,2,1190,8726,1,0,3,7,1190,1956
4443800765,700000,3,2,2080,3880,1,0,5,7,1160,1954
3298720030,560000,4,2,2150,8555,1,2,4,7,1460,1982
1781500435,260000,3,2,1580,7344,1,0,5,7,1580,1911
1781500435,575000,3,2,1580,7344,1,0,5,7,1580,1911
6979970140,475000,3,3,2370,3239,2,0,3,8,1950,2006
1005000036,285000,3,2,1840,8601,1,0,3,7,920,1905
3629921160,753888,4,3,2660,5500,2,2,3,9,2660,2003
3629910370,650000,3,3,2190,3600,2,0,3,9,2190,2003
5200100105,620000,3,2,1660,3478,2,0,4,7,1100,1929
1024069159,526000,3,2,1780,37801,1,0,3,7,1300,1977
418000310,155000,2,1,700,5200,1,0,5,6,700,1952
765000060,342000,4,2,1570,11200,1,0,3,7,1120,1959
2126079046,390000,3,2,1220,216332,1,0,3,7,1220,1981
2024079035,685000,3,3,3150,219978,2,0,4,9,3000,1990
7202270830,608000,4,3,2690,4736,2,0,3,7,2690,2001
133000070,179900,2,1,680,6400,1,0,3,6,680,1943
2818600060,1245000,6,3,3750,14150,2,2,5,9,2750,1936
6082400083,166000,3,1,1010,11675,1,0,3,7,1010,1957
9412900045,462000,3,2,1710,4500,2,0,3,8,1410,1928
3905030140,545000,4,3,2090,6023,2,0,3,8,2090,1990
7228501580,415000,3,1,1560,4500,2,0,3,7,1560,1903
6679000390,269000,3,3,1560,4200,2,0,3,7,1560,2003
1822500160,356500,4,3,2570,11473,2,0,3,8,2570,2008
6889000060,225000,3,1,1010,7633,1,0,4,6,1010,1961
835000055,175000,2,1,1020,5130,1,0,4,6,1020,1948
7811210320,549000,5,3,1710,9720,2,0,4,8,1710,1974
3123049320,535000,3,3,2300,12197,2,0,3,8,2300,1989
4123400320,627000,4,2,1990,7712,1,0,3,8,1210,1973
4477000270,565000,3,2,2730,15677,3,3,3,9,2730,1976
3126049094,392450,4,2,2195,2681,1,0,3,7,1060,1912
8682282180,509000,2,2,1560,4675,1,0,3,8,1560,2006
1232000810,340000,3,3,1400,4800,1,0,3,7,1200,1921
1232000810,537000,3,3,1400,4800,1,0,3,7,1200,1921
8691330310,865000,4,3,3690,9892,2,0,3,10,3690,1998
3996900295,358000,2,1,1140,8340,1,0,3,7,1140,1948
117000003,595000,4,2,1920,3225,2,0,5,7,1300,1923
1471590060,661000,4,3,2496,8058,2,0,3,9,2496,1998
2558650200,419950,3,2,2280,8500,1,0,4,7,1680,1977
5104531580,490000,4,4,3200,6420,2,0,3,9,3200,2006
6021503570,525000,2,1,880,4000,1,0,3,7,880,1940
1862400517,350000,3,2,1320,1298,3,0,3,7,1320,1995
2738650030,552500,3,3,2450,3582,2,0,3,9,2450,2008
5560000710,210000,3,1,1040,8970,1,0,4,6,1040,1961
7215410320,390000,3,3,2480,53250,2,0,3,9,2480,1990
3971700510,336800,5,2,1830,16650,2,0,3,7,1610,1958
7202330270,465000,3,3,1440,4473,2,0,3,7,1440,2003
9542830160,299900,4,3,1580,3632,2,0,3,7,1580,2011
3630120960,715000,3,3,3230,5000,2,0,3,9,3230,2006
3622059155,235000,4,3,1810,39639,1,0,3,7,1230,1970
1687000240,276000,3,3,2495,4400,2,0,3,8,2495,2007
4322300340,265000,4,2,1740,12728,1,0,4,7,1180,1964
3797000830,425000,3,2,1680,3000,1,2,4,6,840,1900
4137060270,313000,4,3,2460,10320,2,0,3,8,2460,1993
7277100640,715000,3,3,3050,6000,1,3,3,8,1720,1984
1312920060,265000,3,2,1630,10969,2,0,3,7,1630,1991
1472330030,646000,3,3,2460,6413,2,0,3,9,2460,2004
2973800030,175000,3,1,1030,6600,1,0,3,7,1030,1954
5152920070,649000,3,3,3410,13809,1,3,4,10,2450,1973
2021200058,785000,3,3,2310,5200,1,0,4,7,1520,1940
9828202255,890000,4,3,2610,4400,1,0,5,8,1260,1920
2126059276,612000,3,3,2330,10327,1,0,3,9,2330,1998
7796450340,330000,4,3,2980,5674,2,0,3,8,2980,2003
1449000260,493000,3,2,1790,11393,1,0,3,8,1790,1978
8722100570,1600000,4,2,2940,5735,1,0,3,9,1470,1957
7856400240,1620000,4,3,3900,9750,1,4,5,10,2520,1972
7856400240,1650000,4,3,3900,9750,1,4,5,10,2520,1972
3037200060,499000,3,3,1750,2150,3,0,3,7,1230,1900
6071700160,603500,6,3,2660,8400,1,0,5,8,1550,1962
7645900055,530000,2,2,1580,3680,1,2,3,8,1280,1941
292000070,895000,5,3,2350,14197,1,0,4,8,1220,1962
9510900710,267345,4,2,2510,8165,1,0,4,7,1610,1972
1471620240,275000,3,3,1480,15639,2,0,3,8,1480,1987
1626079012,439950,3,2,1720,223377,1,0,3,7,1240,1950
3904901670,455000,3,2,1470,4653,2,0,4,7,1470,1985
8927600070,630000,3,2,1540,6930,1,0,3,7,1250,1944
3629970240,690000,3,3,2820,5001,2,0,3,9,2820,2004
1099610260,212000,4,2,1250,12705,1,0,4,7,1250,1971
5420300270,231500,4,2,2080,7526,1,0,4,7,1280,1985
2954400520,1237500,4,3,5180,49936,2,0,4,10,5180,1991
1121059105,378500,3,3,2860,43821,2,0,4,9,2860,1990
2591720070,482000,4,3,2710,35868,2,0,3,9,2710,1989
9178600055,695000,2,1,1140,3990,1,0,3,7,1140,1924
9290850800,965000,4,3,4070,57587,2,0,3,10,4070,1989
5040800060,675000,3,2,1710,5913,1,0,4,8,1120,1941
1437900350,387000,3,2,1340,6500,1,0,3,7,1340,1972
1328300810,347500,4,3,2290,7000,2,0,3,8,2290,1977
3990200125,385000,3,2,1860,7400,1,0,3,8,930,1922
7452500340,265000,3,1,1080,4930,1,0,3,6,1080,1950
9215400075,406000,3,1,960,5264,1,0,3,7,960,1953
5061300030,134000,2,2,980,5000,2,0,3,7,980,1922
3362900696,415000,3,1,1500,3399,2,0,5,7,1300,1926
2558640340,375000,3,2,1440,8775,1,0,3,7,1440,1973
8078460810,620000,4,3,2580,7465,2,0,3,8,2580,1993
538000390,337500,5,3,2070,4698,2,0,3,7,2070,1999
3584900160,565000,3,3,1880,12368,1,0,4,7,1260,1967
8572900135,399500,3,2,2420,12676,2,0,3,7,2420,1911
8056000075,1065000,2,2,1890,9466,2,0,3,8,1890,1987
2972300140,352500,3,2,1920,33630,1,0,3,8,1920,1992
7697870350,259000,3,2,1870,5909,1,0,3,7,1270,1986
7972601710,320000,2,1,900,7620,1,0,3,7,900,1971
6421100342,733000,3,3,2160,9888,2,0,4,9,2160,1989
2464400340,381500,2,1,900,2910,1,0,5,7,900,1924
8113101232,343000,2,1,1180,9261,1,0,4,7,940,1957
5706500140,205500,2,1,900,6400,1,0,5,6,900,1938
1024069037,525000,3,2,1600,16530,1,0,5,7,1600,1967
9476700135,300000,3,2,1500,8352,1,2,5,6,750,1943
1926069035,299000,2,1,1070,189486,1,0,3,6,1070,1942
3904990030,561000,4,3,2570,5250,2,0,3,8,2570,1990
7132300550,450000,3,1,1210,4000,2,0,3,7,1090,1928
2193340140,540000,4,3,1850,7850,2,0,3,8,1850,1985
1422300160,379000,3,3,1740,30886,2,0,3,8,1740,1992
2946000751,230000,3,1,1300,14000,1,0,4,7,1300,1958
1796250140,399950,3,3,2000,30605,2,0,4,8,2000,1989
6699001200,355000,5,3,3220,5806,2,0,3,8,3220,2002
7525300310,580000,4,2,2160,9593,1,0,3,8,2160,1969
5700000340,700000,3,2,2130,4299,2,0,4,7,1680,1922
3210400340,279900,3,2,1580,8151,1,1,4,7,1100,1962
179003055,210000,3,1,1200,7500,1,0,3,6,1200,1905
9829200566,1165000,3,3,3790,5001,2,0,3,10,2810,1989
1723059050,290300,2,1,860,3874,1,0,4,6,860,1931
2624059036,1599950,5,5,5130,43123,2,0,3,11,5130,1996
5101406441,490000,3,1,1600,6380,2,0,3,7,1400,1939
8582010240,606000,4,3,2110,13850,2,0,3,9,2110,1987
6300500505,359950,3,1,1400,4980,1,0,3,6,950,1943
3275890310,677100,3,2,2110,9199,1,0,3,10,2110,1993
7715801040,465000,3,2,1430,7125,1,0,4,7,1430,1984
7738500731,4500000,5,6,6640,40014,2,4,3,12,6350,2004
1822079046,500000,3,2,3040,41072,1,0,4,8,1520,1978
1062100075,455000,2,1,980,5000,1,0,4,7,980,1950
8825900070,705000,6,2,2570,4240,2,0,4,7,1970,1911
1158700135,420000,3,3,2060,7020,1,0,4,8,1460,1967
7983000200,169575,3,1,1300,8284,1,0,3,7,1300,1968
7983000200,250000,3,1,1300,8284,1,0,3,7,1300,1968
1727510030,530000,3,2,1680,7262,1,0,5,7,1180,1973
3286800370,590000,5,3,4020,40341,1,0,5,8,2170,1970
6791400320,257500,3,2,1530,14087,1,0,3,7,1070,1979
3992700036,415000,3,1,1170,6700,1,0,3,8,1170,1957
1175000059,536000,3,2,1580,3764,2,0,3,7,1280,1945
8732000390,246500,3,2,1270,11600,1,0,4,7,1270,1964
1441800030,395000,3,2,1480,7700,1,0,3,8,1480,1975
4045800030,739000,3,2,2220,10530,1,0,4,8,1700,1974
1727850340,1272000,4,3,3200,13729,2,0,3,11,3200,1984
2268000370,190000,3,1,910,10575,1,0,4,7,910,1968
2023049350,305000,3,2,1480,9086,1,0,3,7,1480,1962
7018000560,925000,4,4,3770,13058,2,0,4,8,3770,1983
4147200140,895000,4,3,3500,13444,2,0,3,10,2360,1977
3176600055,656000,3,2,1480,7475,2,0,3,8,1480,1943
7518500885,560000,4,1,1660,4690,2,0,3,7,1260,1945
7504020810,610000,5,2,2520,11700,2,0,3,9,2520,1977
3276930370,645000,4,3,2850,37522,2,0,3,9,2850,1987
1687000200,259000,3,3,2153,4400,2,0,3,8,2153,2007
7501000340,980000,4,3,3780,10962,2,0,3,10,3780,1990
7611200136,872000,4,4,3770,9750,1,0,4,9,1940,1967
5459500125,1000000,6,3,3600,9675,1,2,4,9,1940,1977
825059271,900000,3,3,2980,12600,2,0,3,8,1590,1941
9465200181,475000,4,2,2320,5534,2,0,4,7,1540,1915
5469502860,350000,5,3,2980,13482,1,0,4,8,1730,1975
486000565,840000,4,2,2930,11562,1,3,3,9,1670,1947
6071900070,500000,4,3,2040,8400,1,0,3,8,1420,1963
7957600075,202500,3,2,1510,9898,1,0,3,7,1110,1954
823069074,523000,4,3,2660,65340,2,0,3,8,2660,1988
2366800055,225000,3,3,1740,10050,2,0,3,7,1740,1989
7272001805,418200,3,2,2240,9542,1,1,3,7,1190,1980
3582700070,356500,4,2,1570,9670,1,0,3,7,1170,1959
2402100055,670000,4,3,2500,5000,2,0,4,7,1460,1926
5146000070,456150,3,2,1750,12408,1,0,5,7,1150,1962
2607760890,471000,4,3,3030,9687,2,0,3,8,2020,1998
9274200316,558000,3,3,1680,934,3,0,3,8,1680,2008
4139500200,1380000,6,5,5740,10312,2,2,3,11,3610,2000
3021059155,161500,3,1,1220,6000,1,0,5,7,1220,1961
3580900160,311000,3,1,1310,8370,2,0,3,7,1310,1962
3876000350,470000,6,2,2490,8732,2,0,4,8,2490,1966
3959400400,569000,3,3,2220,8227,2,0,5,8,1770,1929
8079100700,689000,4,3,2240,7350,2,0,3,9,2240,1989
9407001610,271900,3,2,1890,11875,1,0,3,7,1230,1979
8700120270,278000,4,3,1850,6037,2,0,3,7,1850,1991
3204300860,820000,2,3,2210,4440,2,0,4,8,1440,1931
3204800520,399500,3,2,1410,7700,1,0,4,7,1410,1967
8857320260,462000,3,3,1890,2614,2,0,4,9,1890,1979
6791400800,347500,3,1,1830,12036,1,0,3,7,1550,1977
2768000270,562100,2,1,1440,3700,1,0,3,7,1200,1914
1432400060,230000,2,1,950,7560,1,0,3,6,950,1958
2547200240,687000,4,3,2370,10083,2,0,5,8,2370,1966
6441800060,725786,4,3,3070,5762,2,0,3,10,3070,2000
1775800710,315500,3,1,1300,12600,1,0,4,7,1300,1969
7694600253,312000,4,2,1300,7054,1,0,3,7,1300,1950
8910500238,343000,3,3,1210,1173,2,0,3,8,1000,2002
3076500830,385195,1,1,710,6000,2,0,3,6,710,2015
1072030510,415000,4,2,2240,12650,1,0,4,8,1730,1981
3888100226,461000,3,2,3600,8666,2,0,4,6,2400,1948
7227501369,369990,4,3,1960,7133,2,0,3,7,1960,2002
3820350070,349950,4,3,1820,3134,2,0,3,7,1820,1999
7616800350,285750,3,2,1960,17126,1,0,3,8,1400,1966
7811210200,542500,4,2,1750,10160,1,0,3,8,1320,1972
6891100260,830000,5,4,3700,5400,2,0,3,9,2890,2011
6076500160,705000,4,3,2910,20946,2,0,4,8,2350,1976
2872100445,615000,2,1,1270,5000,1,0,3,8,1090,1949
3352400004,184500,2,1,720,5880,1,0,3,6,720,1940
7942601200,412000,2,1,1040,5120,1,0,3,7,1040,1901
985001266,250000,3,2,2210,11111,2,0,3,7,2210,1934
2218000390,580000,5,2,2060,6000,2,0,3,7,2060,1903
7231502505,220000,2,1,780,6000,1,0,5,6,780,1923
7555220140,675000,4,3,2240,8937,1,0,4,8,1460,1976
7445000105,373500,2,1,800,3330,1,0,3,7,800,1918
5583200810,662700,2,2,2440,6900,2,0,3,7,1590,1910
7340600827,239950,5,1,1460,6032,2,0,4,6,1460,1941
7436900045,383000,3,1,1150,10196,1,0,4,7,1150,1957
4027701294,485000,3,3,2650,12350,1,0,4,7,1470,1975
3570000160,610000,4,3,2600,36583,1,0,5,8,1580,1976
9276202190,545000,6,2,1820,6250,1,0,3,7,1130,1954
5016002180,780000,2,3,2560,2500,2,0,5,8,1690,1901
7300000550,305000,3,3,1714,3240,2,0,3,8,1714,2005
6817810310,405000,3,1,1330,15678,1,0,3,7,900,1984
7851980260,1110000,5,4,7350,12231,2,4,3,11,4750,2001
1423400260,273000,3,2,2050,9045,2,0,4,6,2050,1959
3876810140,326500,3,1,1810,12375,2,0,3,7,1810,1970
3276180140,365000,3,2,1380,9134,1,0,5,7,880,1981
9808590310,1000750,3,3,3070,10739,2,0,3,10,2440,1987
546000045,422500,2,1,800,4046,1,0,3,7,800,1940
2595650060,354450,4,3,2140,9920,2,0,3,8,2140,1993
1771110550,320000,3,1,1330,9540,1,0,4,7,1330,1971
5335700030,223000,3,1,1030,9120,1,0,3,7,1030,1961
7203101580,410000,3,3,1740,4948,2,0,3,7,1740,2008
272000125,438000,3,1,1200,4000,2,0,4,6,1200,1923
2770601741,390000,3,3,1490,2944,2,0,3,7,960,1993
4250200140,298500,4,3,1890,5954,2,0,3,7,1890,2004
8965400390,749999,5,2,3060,13630,2,0,3,10,3060,1989
5071401000,779000,6,3,3250,12000,1,1,3,8,1800,1966
3760500435,570000,3,3,2730,11936,2,2,3,8,1530,1978
5680000260,385000,3,1,810,4600,1,0,3,6,810,1918
9170500060,649000,4,2,2240,11040,1,0,5,8,1120,1961
795000885,283000,3,1,1740,5247,1,0,3,7,1270,1947
4038600260,699900,4,2,2380,16236,1,0,3,7,1540,1961
4406000560,278500,4,1,1540,8400,1,0,3,7,770,1971
2260000340,700000,4,2,2340,9100,1,0,3,8,1610,1975
9510310030,535000,4,3,2710,45963,2,0,3,9,2710,1995
4245400045,234500,3,2,1310,18400,1,0,3,7,870,1954
9371700132,374150,3,2,1390,9585,1,0,4,7,1390,1973
7272001610,397000,4,3,2201,9542,2,0,3,8,2201,2006
1324059139,613000,3,2,1960,10385,1,0,3,8,1960,1988
1552100135,1150000,3,3,2850,10474,1,0,4,8,1730,1954
1257200060,595000,4,2,1880,4080,1,0,3,7,940,1924
2822059350,340000,5,3,2440,6858,2,0,3,8,2440,2003
2781260070,388000,4,3,2560,5800,2,0,3,9,2560,2005
619000045,404000,3,2,1410,15210,1,0,3,7,1410,1950
8934100125,810000,3,2,2870,6360,2,1,4,8,1790,1946
2472920140,405000,4,3,2620,9359,2,0,3,9,2620,1987
7215730310,726000,5,3,2970,10335,2,0,3,9,2970,2000
7697870310,266000,3,3,1780,7214,1,0,4,7,1400,1986
2795000060,722500,5,2,3700,7207,1,1,5,8,1850,1970
2408600160,352000,4,3,1252,25002,1,0,3,8,992,1996
7888200240,265000,4,2,1240,8158,1,0,4,7,1110,1961
151000075,856000,3,3,2160,3920,2,0,3,9,2160,2014
5104530240,346950,3,3,2040,4348,2,0,4,8,2040,2006
4139680070,866059,5,4,3130,4797,2,0,3,9,2570,2014
7852180260,410000,3,3,2350,4456,2,0,3,7,2350,2004
1471610060,370000,3,2,1570,16817,2,0,3,7,1570,1982
3520069033,230000,3,1,1530,389126,2,0,4,7,1530,1919
9268200550,400000,2,2,1520,5010,1,0,3,7,1520,1999
1788700295,172000,3,1,1350,9680,1,0,4,7,820,1959
7379600240,615000,3,2,1950,8480,1,0,4,8,1250,1962
8691330060,860000,4,4,3950,9600,2,0,3,10,3950,1998
6384500581,555000,3,2,2040,6000,1,0,5,7,1120,1958
6690500070,579000,3,3,1990,4040,2,0,5,8,1390,1926
3205400140,385000,3,2,1300,7030,1,0,3,7,1300,1968
6662410070,420000,4,2,2030,12000,2,0,3,7,2030,1977
1919800260,645000,3,2,2340,6750,2,0,5,7,1620,1914
7283900045,549950,3,3,2160,6288,2,0,3,8,2160,1996
3756100160,678000,3,3,2770,10000,1,1,5,8,1640,1962
3352401981,199000,4,2,2030,8120,2,0,3,7,2030,1950
5315100394,604000,3,1,1440,13824,1,0,4,7,1440,1957
3450300270,268000,5,2,1730,10368,1,0,5,7,1010,1963
2325069117,960000,5,4,4510,16305,2,0,3,10,2820,2003
7199340310,509250,3,3,2100,7600,1,0,4,7,1450,1980
8663260030,416000,3,3,1800,5372,2,0,3,8,1800,1987
9315100030,190000,3,1,1090,8520,1,0,3,7,1090,1967
2190601049,212000,3,2,1010,10000,1,0,4,7,1010,1973
9264930400,325900,3,3,2040,9765,2,0,3,8,2040,1985
2490200055,560000,3,4,2270,4088,2,0,3,8,1880,1996
3830630140,275000,3,3,1730,5799,2,0,4,7,1730,1987
6385260160,665000,4,3,2480,15411,2,2,3,8,2480,1994
5701500030,1505000,4,4,3480,7232,2,0,3,9,2580,1926
859000160,375000,4,2,1720,2410,1,0,3,7,970,1930
123039633,359950,3,2,1570,6975,1,0,3,7,1040,1979
3601200465,340000,4,3,3527,7200,2,0,3,7,3527,2005
106000320,401000,2,1,840,8100,1,0,4,7,840,1948
7631200292,669000,2,2,1950,10766,1,3,4,6,1160,1952
2526059046,638500,4,3,1980,6568,2,0,3,8,1980,2004
3416600111,545000,2,2,1620,3760,2,0,5,7,1170,1924
3205500160,524000,4,1,1980,7015,1,0,3,7,1260,1973
824059331,1610000,5,4,3530,13260,2,0,3,10,3530,2013
5347200060,280000,2,1,1260,4800,1,0,3,6,1100,1947
9323610260,828000,4,3,2120,10841,1,0,4,8,1500,1979
8732160240,223000,3,2,1360,10573,1,0,4,7,1360,1984
9808640320,1289000,4,4,3100,2261,2,2,3,9,2250,1981
1326069050,750000,2,2,2370,155130,1,0,3,7,2370,1970
1454100267,430000,2,1,1460,9207,1,0,3,7,1210,1947
5021900160,711000,4,2,1980,10800,1,0,5,6,990,1948
818100030,310000,4,3,1930,7014,2,0,3,8,1930,1994
393000045,415000,5,2,3700,9140,1,0,3,8,1850,1957
8091411040,274900,4,3,1970,6600,2,0,3,7,1970,1987
5561200310,525000,3,3,2470,36445,2,0,4,8,2470,1980
3204500340,179500,3,1,1180,32214,1,0,3,7,1180,1952
9222400935,478000,3,1,1280,2580,2,0,3,8,1280,1910
1796350570,195000,3,2,1380,7350,1,0,3,7,990,1981
2473450200,385000,4,3,2740,10925,1,0,3,8,1670,1980
1387300570,401000,3,3,2020,9505,1,0,3,7,1260,1969
8857640860,522000,4,3,2835,6598,2,0,3,8,2835,2002
5415000240,330000,4,2,1520,14417,1,0,4,7,1520,1968
2591760070,503000,3,3,2190,4882,2,0,3,9,2190,1999
4131500140,175000,5,2,1680,8400,1,0,4,7,1680,1979
7203220370,963990,4,4,3915,6364,2,0,3,9,3915,2014
1651500060,845000,5,2,1720,9972,1,0,4,8,1720,1951
7883600700,157500,2,1,670,4500,1,0,3,5,670,1905
567000755,450000,2,3,1790,1709,2,0,3,7,1400,2001
9294300615,925000,4,2,2440,11793,1,4,3,8,1420,1950
3213200215,600000,2,1,920,5029,1,0,4,7,920,1938
9136101776,709000,4,1,1680,4087,2,0,3,7,1680,1911
5035300850,1385000,5,4,3290,6480,2,0,5,10,2190,1938
3668001080,248000,3,3,2120,6840,1,0,3,7,1220,1984
5540800100,245000,3,1,910,6630,1,0,4,6,910,1912
3679401110,332000,2,1,1000,4776,1,0,4,6,1000,1942
7852130100,459950,3,3,2340,4273,2,0,3,7,2340,2002
9828200147,425000,3,2,1180,1800,2,2,3,8,1180,1994
826069085,460000,3,2,2080,50965,1,0,3,8,1590,1979
6383900090,838300,6,3,3760,12978,1,0,3,9,2360,1967
8100000090,256000,3,3,1480,7200,2,0,5,7,1480,1995
7805450750,864000,3,3,3060,13554,2,0,3,10,3060,1984
148000705,900000,4,4,3070,4440,2,0,3,9,2030,1922
1432400490,145600,3,1,1170,7560,1,0,3,6,1170,1958
7974200820,865000,5,3,2900,6730,1,0,5,8,1830,1977
8731951130,250250,3,2,2210,8000,2,0,4,8,2210,1969
7227801955,162000,4,2,1440,7641,1,0,4,5,1440,1943
3558910490,450000,4,2,1980,7350,1,0,3,7,1430,1973
324059112,675500,4,3,2060,21344,1,0,2,8,1460,1978
2710600025,697000,3,2,2420,5304,2,0,5,7,1640,1947
7582700100,1324050,3,3,3440,4080,2,0,3,9,2560,2005
3882300100,490000,3,2,1600,16510,1,0,3,8,1600,1984
3735900590,590000,3,2,2210,5742,1,0,3,8,1460,1951
5153200356,280000,4,2,2250,16000,1,0,3,8,1450,1957
7625702350,515000,2,1,1680,6500,1,0,4,7,1140,1941
2755200090,576000,3,1,1140,5395,1,0,4,7,1010,1909
626059317,375000,3,2,1430,10574,2,0,3,7,1430,1981
7199360090,478000,3,1,1440,7107,1,0,4,7,1000,1980
8651443480,282000,3,1,1670,5200,1,0,5,7,1030,1977
9359100750,1400000,4,5,3080,10550,2,3,3,8,1940,1976
5561400740,593500,5,3,4300,50405,2,0,3,8,3220,1972
1723099031,724950,4,4,3010,174240,2,0,3,9,3010,2004
7236500025,306000,3,2,1560,7500,1,0,4,8,1560,1966
2473411080,341000,4,2,1920,7665,1,0,4,8,1500,1975
1773101335,399950,3,3,1400,4400,1,0,3,7,1400,1930
9126100850,534000,5,2,2280,3600,2,0,3,7,2280,1992
7202331220,635000,6,3,3880,5700,2,0,3,7,3880,2003
5511600245,350000,2,1,1350,3880,1,0,3,6,950,1927
1344300090,856000,3,2,1480,2700,2,0,3,7,1480,1928
9828702812,582000,4,3,1670,1189,3,0,3,8,1427,2000
3825310820,799000,4,3,3400,6742,2,0,3,9,3400,2004
7852040110,423700,3,3,2070,3986,2,0,3,8,2070,1999
6752500090,1835000,4,4,4870,39190,2,0,3,12,4870,1995
3222079162,322000,3,2,1760,43575,1,0,3,7,1160,1988
1025069192,929000,4,3,4030,57499,2,0,3,9,4030,2002
5101404608,443000,2,1,1130,5413,1,0,3,7,880,1939
9477100490,441500,3,2,1510,7700,1,0,3,7,1510,1968
324069015,875000,4,4,3110,108464,2,2,4,8,3110,1979
4114601570,3600000,3,3,5020,12431,2,4,3,10,3420,1941
7920100025,450000,2,1,740,5100,1,0,4,7,740,1947
3275730110,425000,3,2,1630,10500,1,0,3,7,1100,1974
7504030090,660000,4,2,2780,9900,2,0,4,10,2780,1978
8813400405,763101,3,2,1990,5560,1,0,4,7,1100,1939
1313300300,499000,4,3,2250,14149,2,0,3,9,2250,1992
8121610110,521000,3,2,1720,37363,1,0,4,8,1350,1974
1820069019,302000,2,1,900,423838,1,2,5,6,900,1925
9406450090,293000,4,2,2360,6260,2,0,3,7,2360,1998
2619950490,335000,3,2,1530,4580,2,0,3,7,1530,2011
1646500785,499000,2,1,1450,3090,2,0,3,7,1450,1919
1868901690,600000,3,2,2040,5000,2,0,3,7,1780,1924
9542400025,720000,4,2,2620,11041,2,0,4,9,2620,1962
2781270090,195000,2,2,1180,2553,2,0,3,6,1180,2005
1665400165,249000,3,1,1110,8423,1,0,3,7,1110,1952
1326069191,334000,3,2,1840,9781,2,0,3,7,1840,1989
381000110,599950,4,2,2720,7810,1,0,3,8,1510,1952
3530530110,149900,2,2,1090,1950,1,0,4,8,1090,1982
5210200107,700000,4,2,1730,6500,1,0,3,7,1250,1945
1574100025,525000,4,2,1170,6240,1,0,4,6,1170,1960
2523069192,1049000,4,4,4740,126759,2,0,4,10,4740,1991
6706600090,402000,3,3,1960,8000,1,0,4,7,1290,1977
1994200031,450000,3,2,1430,3480,1,0,3,7,980,1947
2523069156,520000,3,2,2510,43995,2,0,3,8,2510,1981
5029450850,205000,3,2,1420,6980,1,0,5,7,820,1980
2723069147,635000,3,2,2680,175982,1,0,3,9,2680,2004
3750605349,210500,3,1,1220,9600,1,0,5,7,1220,1958
9285800735,406650,2,1,1070,6100,1,0,3,6,1070,1940
7574000100,350000,3,2,1580,19998,1,0,4,7,1580,1968
9212900100,425000,4,2,1820,6000,1,0,3,7,930,1942
8651611130,798000,3,4,3590,6402,2,0,3,10,3590,1999
423059184,180000,3,1,1960,9583,2,0,2,5,1960,1908
5451200600,1250000,5,3,3160,13238,2,0,5,8,3160,1972
6300000378,435000,4,2,2030,4033,2,0,4,7,1630,1925
2570300090,355000,3,2,1240,15867,1,0,3,7,1240,1962
9808100100,3000000,5,3,5370,14091,2,0,3,10,3850,1918
4019300906,685000,5,3,2670,14455,2,0,5,9,2670,1958
1023059223,311000,3,1,1640,12060,1,0,4,7,1640,1960
9320700090,305000,4,2,2130,9600,1,0,4,7,2130,1966
5700002460,675000,3,3,2550,4954,2,0,4,7,1850,1924
7598100735,769000,4,3,3630,15405,1,2,4,8,1850,1968
2202500110,430000,3,2,1690,9708,2,0,5,7,1690,1954
726059395,516250,6,2,2390,8660,2,0,4,7,2390,1925
1455600015,760000,3,4,2350,10739,1,2,5,7,1340,1940
9528101224,579950,3,4,1420,1217,2,0,3,8,1180,2003
6713100031,476000,3,2,1570,7187,1,0,4,8,1170,1980
8677900123,510000,3,2,1600,19200,1,0,4,7,1600,1967
4302201130,205000,2,1,720,5040,1,0,3,6,720,1955
1310800090,240000,3,1,1470,7350,1,0,3,7,1470,1969
6117502727,738000,5,4,2790,16952,2,2,3,10,1970,1991
9324800110,420000,3,2,1720,8102,1,0,5,6,860,1940
8965000110,455000,3,2,1300,9600,1,0,4,7,1300,1969
5700001055,765000,4,1,2520,5500,2,0,5,8,1820,1912
49500090,372000,4,2,1780,7914,2,0,4,7,1780,1962
3812400657,160000,3,1,1200,8360,1,0,2,6,1200,1948
2725069162,772000,4,3,2990,9643,2,0,3,9,2990,2003
4232400110,1125000,5,2,1910,5640,2,0,4,9,1910,1906
9521100586,479000,3,1,1370,3000,2,0,3,7,1370,1924
7215721570,570000,3,3,1910,4941,2,0,3,8,1910,1999
3834000805,350000,4,1,1170,8147,2,0,3,6,1170,1959
2274000026,353000,3,3,1250,864,3,0,3,8,1250,2004
5103300090,699000,5,3,3340,24755,2,0,3,10,3340,2002
9558200025,265000,3,2,1380,8536,2,0,4,7,1380,1955
8649401270,167000,1,1,780,10235,2,0,3,6,780,1989
686200740,500000,4,2,2080,8000,1,0,3,8,1390,1964
7658600025,700000,3,1,1410,7200,2,0,4,6,1410,1901
3702900165,295000,1,1,520,5600,1,0,3,6,520,1918
7977201240,1010000,4,4,3500,4080,2,2,3,9,2590,2004
8651410090,209000,2,1,840,5265,1,0,5,6,840,1969
3750603732,276000,3,2,2240,9200,1,0,4,7,1440,1968
1023059429,380000,4,3,2100,5857,2,0,3,8,2100,2002
2412100025,315000,3,2,1750,12500,1,0,3,7,1150,1954
203600600,685530,4,3,3130,60467,2,0,3,9,3130,1996
2021069059,254600,3,2,1470,20000,1,0,4,7,1470,1968
7227501645,230000,3,2,1440,5600,1,0,4,6,720,1942
4310702787,335000,3,3,1430,1249,3,0,3,8,1430,2003
1494300110,550000,4,3,2170,9600,1,0,3,7,1460,1980
1950900245,123300,3,1,1150,8050,2,0,4,7,1150,1956
3512100110,275436,4,3,2170,9658,2,0,3,7,2170,1966
8732750100,325000,4,4,2630,3435,2,3,3,7,1640,1984
1332000110,635000,4,3,2490,40608,2,0,3,9,2490,1997
2768100690,513000,3,2,1710,5000,1,0,4,7,1110,1944
7525410090,580000,4,3,2130,35752,1,0,3,8,1490,1980
9558800025,225000,3,1,940,9272,1,0,3,7,940,1954
2788400315,265000,3,1,1400,9460,1,0,3,7,1060,1961
7128300855,313000,4,2,1630,3000,1,0,3,7,930,1978
7655900038,296000,2,1,1370,8400,1,0,3,7,1370,1948
7923500090,655500,4,3,2380,15800,1,0,3,8,1680,1957
3339900096,250750,5,2,2140,12058,1,0,4,8,2140,1951
5214500690,438000,4,3,1970,8545,2,0,3,8,1970,2004
4045900147,590000,3,3,2550,54014,2,0,4,8,1980,1967
6450302900,329500,3,1,1080,5250,1,0,4,7,1080,1947
2597460090,1195000,3,2,3070,9645,2,0,3,10,2110,1987
2770601595,415000,2,1,1470,6000,1,0,3,6,900,1944
4188000490,900000,4,3,3620,42580,2,0,3,10,3620,1984
1324079085,378000,3,2,1050,57499,1,0,3,7,1050,1975
1720069006,474000,2,1,1050,403365,1,3,5,6,1050,1905
1947300115,464000,3,1,1320,3625,2,0,3,7,1320,1900
5490700100,310000,3,1,1210,7649,1,0,4,7,1210,1956
7278100690,580000,3,2,1860,7190,2,1,5,7,1860,1952
2322029048,999000,3,3,2830,505166,1,3,4,8,1830,1962
6821102100,510000,2,1,810,6480,1,0,5,6,810,1942
3176100110,650000,3,2,1630,7475,1,1,3,7,1160,1940
2188200785,196000,3,1,880,19600,1,0,4,7,880,1978
1446801030,220000,4,2,1660,11664,1,0,3,6,1010,1952
8965520100,855000,3,2,3440,10628,2,2,3,10,3440,1985
3649100586,483000,3,2,2110,10454,1,0,4,8,1440,1978
7283900153,400000,3,1,1060,12000,1,0,3,7,1060,1952
1036100100,435000,3,3,1900,7984,2,0,3,8,1900,1993
3278602670,219500,1,1,820,1060,1,0,3,8,760,2007
3625049014,2950000,4,4,4860,23885,2,0,3,12,4860,1996
7276100165,427000,3,3,2050,3218,3,0,3,7,2050,2008
9136103130,430000,2,2,1090,4013,2,0,3,7,1090,1900
9136103130,685000,2,2,1090,4013,2,0,3,7,1090,1900
1193000025,495000,2,2,1920,6250,1,0,3,7,1060,1937
2744000100,299950,3,3,1870,7942,2,0,3,7,1870,1990
3744600028,390000,4,2,2690,46609,2,0,3,7,2690,1940
3679400025,385000,3,2,2160,5863,2,0,4,7,1260,1928
9545260100,740000,4,3,3000,10392,2,0,3,9,3000,1995
375000165,991700,4,3,2290,2350,2,1,3,9,1610,1924
4003000053,765000,3,3,2250,9600,3,0,4,9,1830,1909
7855600820,802000,4,2,2130,8734,2,2,4,8,2130,1961
3860400100,950000,4,3,2500,20000,1,0,4,8,1700,1969
121059147,392000,4,3,2300,41167,2,0,3,7,2300,1988
825079019,590000,3,3,3360,218235,1,0,3,8,3360,1989
123039313,425000,4,3,1920,9000,2,0,2,7,1920,1989
7784000110,765000,5,2,2440,15143,2,4,4,8,1740,1944
8835220090,313500,3,2,1440,3488,2,0,4,7,1440,1983
6381501636,320000,3,1,1780,6840,2,0,4,6,1780,1947
1370804446,604000,4,2,1490,4485,1,0,3,8,1350,1960
9828701871,570000,3,2,1400,1657,2,0,3,8,1060,2004
3396200090,639000,4,3,2150,12028,2,0,4,8,2150,1982
1463400047,335000,4,2,1910,10200,1,0,4,7,1910,1963
8825900855,896000,4,2,2660,3520,2,0,4,8,2080,1917
7147600245,259500,3,2,1650,12349,1,0,3,7,1650,1957
5071400485,637000,3,2,1980,6000,1,0,4,7,1380,1958
8732040090,307450,4,3,2690,8874,1,0,3,8,1370,1980
8082400100,535000,3,2,1380,3561,1,0,4,7,860,1925
546000930,669500,4,2,2500,4046,2,0,4,7,1520,1940
1665400025,259000,3,2,1590,7148,1,0,3,7,1590,1952
9187200245,441000,4,2,1100,3300,1,0,1,7,1100,1919
2123700015,228800,4,3,1470,1612,2,0,3,7,980,2003
8682291730,530000,2,2,1680,4950,1,0,3,8,1680,2006
5318100504,524000,2,2,1450,2272,1,0,4,6,750,1924
9297800165,430000,4,2,2020,4840,2,0,5,8,1200,1925
1342300265,1325000,4,3,2470,4760,2,0,5,9,1890,1906
2212901130,210000,3,1,1230,12201,1,0,3,7,1230,1969
8122100690,449000,4,3,1850,5040,1,0,3,7,1230,1930
148000375,945000,2,3,2540,7089,2,0,3,9,2540,2004
3423049209,200450,3,1,970,9130,1,0,3,6,970,1957
16000015,219950,3,2,1070,6601,1,0,3,6,1070,1985
4035900015,659500,4,3,2620,18362,1,0,4,8,1870,1956
8563010300,746000,4,3,2110,8190,2,0,5,8,2110,1966
3396200300,540000,3,2,2110,7129,1,0,3,8,1280,1982
2291401425,485000,5,2,1910,5508,1,0,3,7,1020,1968
7454000110,202000,2,1,670,7844,1,0,3,6,670,1942
3377900195,2525000,4,6,6930,45100,1,0,4,11,4310,1950
3824100082,502000,3,3,2010,11200,1,0,3,8,1360,1979
3751604169,279000,2,3,1770,10534,1,0,3,8,1210,2003
6431500283,409500,3,1,1340,4120,1,0,4,7,1040,1921
6647400090,453000,3,2,1660,15050,1,0,3,7,1260,1983
7387500195,367000,4,1,1820,5500,2,0,3,6,1820,1947
3342101785,550000,3,3,2510,5400,2,0,3,9,2510,1992
9320600090,273500,3,2,1560,8314,1,0,3,7,1560,1962
8901001185,505000,4,3,2280,7400,1,0,3,7,1340,1978
825069097,770000,3,3,2650,40705,2,0,3,9,2650,1994
7745000090,565000,4,2,2470,7447,2,0,3,8,2470,1984
1771110090,316000,3,1,1270,10092,1,0,5,7,1270,1971
7888100090,160000,4,1,1520,7298,2,0,3,7,1520,1960
5083000375,170000,3,1,1310,9529,1,0,3,7,1310,1956
5083000375,235000,3,1,1310,9529,1,0,3,7,1310,1956
1329000090,1799000,4,4,3930,39098,2,0,3,12,3930,1999
8143000600,310000,3,1,990,7050,1,0,3,7,990,1967
2144800215,285000,4,2,2080,13629,1,0,4,7,1040,1955
9268200658,280000,2,1,960,4920,1,0,3,6,960,1942
5452301785,2298000,4,4,4070,13860,2,3,3,10,4070,2004
1137500090,763776,4,3,2750,16139,2,0,3,9,2750,1989
6117500025,530000,5,3,3230,13572,1,2,3,8,1880,1965
2326079039,362000,1,1,890,211576,2,0,3,7,890,1996
7595700025,430000,2,1,990,4920,1,0,3,6,990,1931
4443800110,456500,3,1,1290,3880,2,0,4,7,1290,1919
5101405265,445000,4,3,2170,5257,2,0,3,7,2170,1989
9206200110,386900,3,1,1330,10500,1,0,3,7,960,1963
2205700405,479000,3,1,1340,13750,1,0,4,7,1340,1955
7852020300,525000,3,3,2200,4544,2,0,3,8,2200,2000
5559200051,272000,4,2,2520,10890,1,0,3,7,1260,1979
2826049165,517000,4,1,1180,13500,2,0,3,7,1180,1950
2675600028,615000,3,2,2660,7800,1,0,4,8,1330,1951
259801110,439000,3,2,1250,7030,1,0,3,7,1250,1965
1150001270,716000,3,3,2270,7866,1,0,4,10,2270,1988
7130300690,308000,2,1,1080,6250,1,2,4,7,1080,1942
2652500015,800000,3,2,1620,4500,2,0,4,8,1620,1926
3693901801,575000,3,2,940,5000,1,0,3,7,880,1941
8092501240,219950,3,2,1620,9310,1,0,4,7,1620,1967
9552701030,770000,4,3,2350,8001,2,0,4,8,2350,1987
9477101280,424950,3,2,2090,7505,1,0,3,7,2090,1967
7462900015,387000,3,2,1760,45133,2,0,3,7,1760,1984
6744700302,790000,4,2,2050,10920,1,3,3,8,1450,1974
3163600015,156000,2,1,600,4000,1,0,3,5,600,1933
6896300375,580000,2,1,2540,7000,1,0,5,8,1320,1942
7419700015,490000,4,2,2090,10869,2,0,3,8,2090,1970
4473400195,950000,5,3,2700,3650,2,2,3,9,2070,1926
9358001566,400000,2,3,1410,1281,2,0,3,8,1090,2008
6145600900,325000,2,3,1170,1638,2,0,3,8,1170,2008
1865000110,365000,4,3,2540,6688,2,0,3,9,2540,2002
8698100115,255000,3,2,2190,6000,2,0,4,7,2190,1920
1454600038,985000,5,4,3890,13261,2,1,3,9,2870,1984
5652601425,595000,4,3,2030,10722,1,0,3,7,1100,1967
6381500690,427500,3,1,1350,7085,1,0,5,7,1350,1944
1778500015,728000,3,2,1940,4000,2,0,3,8,1310,1915
6021500245,549950,2,1,1260,4000,1,0,3,7,1000,1940
2926049382,650000,3,2,2800,10501,1,0,3,7,1400,1954
1692900110,1125000,5,3,3080,13394,1,2,4,9,2230,1968
8651401270,203000,3,1,840,6500,1,0,5,6,840,1969
3332500265,311000,2,1,860,3300,1,0,5,6,860,1903
4027700853,387500,6,2,2400,7684,1,0,3,6,1200,1932
7301300215,370000,4,2,1640,7200,1,0,3,7,1640,1963
7663700792,228000,2,1,1060,6100,1,0,3,6,1060,1951
2919702235,740000,2,2,2080,4800,1,0,5,7,1080,1923
5476200123,200000,4,2,2090,6630,1,0,3,7,1070,1974
3797002585,660000,3,1,1240,3500,1,0,4,7,1240,1927
8864000735,275000,4,2,2030,8426,2,0,3,7,2030,1944
1193000115,708000,2,1,1120,5250,1,0,3,7,950,1938
7334501240,280000,3,3,1270,9675,2,0,3,8,1270,1993
7885801460,325000,4,3,2260,5702,2,0,3,8,2260,2002
1823099076,495000,3,3,1780,47480,2,0,3,7,1780,1995
8900000110,691000,2,2,1780,3810,2,0,3,7,980,1922
251620110,2288000,4,3,4080,18362,2,2,4,11,4080,1983
221049191,329500,3,3,2120,22482,1,0,5,7,1360,1979
9264950940,348000,3,3,2060,7458,2,0,3,9,2060,1989
8820902540,425000,2,1,1670,6212,1,0,4,7,1670,1947
3438500625,210000,3,1,1080,21043,1,0,3,6,1080,1942
7452500315,285000,2,1,1210,4895,1,0,3,6,710,1951
8945200750,222000,3,1,990,8840,1,0,3,6,990,1966
2599001240,200000,4,3,1720,9600,1,0,3,7,1120,1961
5360200054,247500,3,2,1530,8749,1,0,3,7,1530,1995
622069006,1500000,4,6,6550,217374,1,0,3,11,5400,2006
84000245,190000,3,2,1100,9452,1,0,3,6,1100,1942
5605000590,975000,4,3,3020,4950,2,0,4,9,2020,1921
6613000015,1130000,4,3,3180,4649,2,0,4,9,2070,1925
5151600195,283200,4,2,1830,12540,1,0,4,8,1130,1958
7308900490,650000,3,3,2540,8073,1,0,4,8,1880,1937
2222900082,449500,3,2,1770,6610,1,0,4,7,960,1954
3574801720,400000,3,2,1470,6682,1,0,3,7,1470,1987
1721801591,89950,1,1,570,4080,1,0,3,5,570,1942
2641800015,158800,3,1,960,8291,1,0,3,6,960,1950
7625703885,870000,4,3,2940,7108,2,1,3,9,2220,2011
3751600176,196000,3,2,1000,18568,1,0,3,6,1000,1989
5035300750,850000,3,2,2450,8603,1,0,5,8,1340,1940
9510970300,775000,4,3,3310,5101,2,0,3,9,3310,2005
9286100300,483500,3,3,1670,4308,2,0,3,8,1670,2001
4047200850,387000,3,2,1620,21929,2,0,3,7,1620,1990
4019300195,900000,3,3,2990,30869,2,0,3,10,2990,1951
7891600590,336000,3,2,1240,5000,1,2,3,7,1240,1964
5249802424,415000,2,1,670,6000,1,0,5,6,670,1949
3918400017,380000,0,0,1470,979,3,2,3,8,1470,2006
9209900315,350000,3,2,1320,4400,1,0,3,6,1320,1909
7237500590,1320000,4,5,6110,10369,2,0,3,11,6110,2005
3271800850,765000,3,2,2440,5800,1,3,4,8,1320,1945
1023059511,527000,4,3,2900,6736,2,0,3,8,2900,2013
4109600195,524000,4,3,2310,5000,2,0,5,8,1480,1908
5100401468,448000,2,1,1110,5413,1,0,3,6,890,1937
1926069137,775000,4,3,4100,241322,2,0,3,9,2500,1981
3828000405,176500,3,1,930,9900,2,0,4,5,930,1910
7773800015,750000,4,2,2420,11120,1,2,4,8,1620,1952
1084000107,1265000,4,2,2870,6000,1,0,5,8,1730,1951
7832800015,250000,3,1,1480,6750,1,0,3,7,1480,1958
9829200590,759000,3,3,1960,6390,2,2,5,8,1960,1900
8127700820,640000,3,2,1470,4640,2,0,4,7,1470,1926
9547202265,990000,3,3,2460,4182,2,0,5,8,2100,1910
7663700261,395000,4,2,1960,7945,1,0,4,7,980,1946
1445200110,275000,2,2,1160,1103,2,0,3,7,890,2006
1023059313,390000,3,3,1910,4755,2,0,3,8,1910,1997
170000215,752500,5,3,2720,4680,2,0,4,8,1710,1913
7550801220,450000,2,1,1020,5000,2,0,4,6,1020,1906
7518501390,473000,2,1,900,5100,1,0,4,7,900,1909
9407102460,178500,3,2,1120,10450,1,0,3,7,1120,1973
8567300110,485000,3,3,2340,59058,1,0,3,8,2340,1985
5029450110,215000,3,2,1410,8415,1,0,4,7,780,1982
7915100490,589000,4,2,1920,4862,1,0,5,7,1060,1919
114101500,325000,4,2,1370,9993,1,0,3,6,1370,1918
9274201807,580000,3,3,1590,1937,3,0,3,8,1590,2004
7893206095,181100,4,2,1850,7500,1,0,3,7,1850,1954
2770602265,345000,3,2,1430,4200,1,0,4,7,830,1908
5418200245,781000,3,2,1940,8729,1,0,3,8,1460,1960
7228502150,402500,4,1,1270,3630,2,0,3,7,1270,1903
7972601030,426000,3,2,1380,7200,1,0,3,7,1080,1948
7853270940,389000,3,3,1720,4515,2,0,3,7,1720,2005
5561401220,670000,6,3,4050,36171,2,0,4,8,2620,1970
1336800015,1506000,4,3,3660,5800,3,0,3,10,3360,1909
8944750850,288400,3,2,1870,3230,2,0,3,7,1870,1997
3362400590,700000,4,2,2230,4635,2,0,5,7,1510,1908
6821100195,830000,4,3,2020,6000,1,0,3,8,1220,1968
1827200265,1899000,2,3,3690,32044,2,4,3,12,3690,1989
5100401429,350500,2,1,1450,6380,1,0,3,7,1450,1967
6116500028,431000,3,2,1630,9000,1,0,4,7,1630,1956
2759800110,485000,3,3,1840,8250,1,1,3,8,1340,1958
579000096,780000,3,2,1620,7500,1,2,4,8,1620,1949
9169600096,720000,2,2,1840,9000,1,2,3,8,1340,1957
1226059112,415000,3,1,1360,73616,1,0,3,7,1360,1971
6021503830,480000,4,1,2080,5500,1,0,3,7,1040,1941
3824100291,452250,4,2,2550,10000,1,0,4,7,1560,1979
9264921030,316000,3,3,2550,8170,2,0,3,8,2550,1985
8073000495,700000,2,1,1160,17635,1,4,3,6,1160,1945
7129304105,285000,4,2,1760,5500,1,1,3,7,780,1925
525049085,575000,3,2,1720,4050,1,0,5,7,860,1906
6117500785,590000,3,2,2300,12430,1,2,4,8,1580,1960
6115400008,587500,4,2,2500,20868,1,2,3,8,1600,1956
4024101545,364000,4,2,1750,10270,2,0,4,8,1750,1968
8651511220,490000,3,3,1890,10190,2,0,3,8,1890,1986
5561301280,410000,3,2,1800,36704,1,0,4,8,1360,1978
3629800100,520000,3,3,2160,4297,2,0,3,9,2160,1999
6141100750,389000,3,1,1380,6591,1,0,4,7,1380,1947
2770605065,450000,2,1,1180,6000,1,0,3,7,1180,1910
2517100490,325000,3,3,2550,4240,2,0,3,7,2550,2006
4083801785,660000,2,1,1070,5000,1,0,3,7,1070,1924
4318200405,850000,3,2,2870,8170,2,0,3,10,2250,1995
2329810590,285000,3,3,1940,9874,2,0,3,7,1940,1990
2768301214,395000,2,1,870,3121,1,0,4,7,870,1923
1931301105,440000,3,2,1550,2401,2,0,3,7,1550,1996
3343903640,249000,3,2,1400,5648,2,0,5,6,1400,1917
8813400245,635000,3,2,1210,4400,2,0,4,8,1210,1930
3521049048,515000,3,3,3430,48993,2,0,3,9,3430,2001
1118001645,1400000,3,3,3020,6073,2,0,4,9,3020,1954
2968801105,200000,2,1,950,8100,1,0,3,6,950,1955
3524039209,1135000,4,3,3370,8103,1,3,3,9,1970,1970
952003480,445000,4,1,1460,4600,1,2,3,6,780,1946
2877102670,555000,3,2,1740,4200,2,0,4,7,1640,1920
5014000100,537000,4,2,1720,6413,1,0,4,7,860,1950
7399301050,315000,3,2,1480,7500,1,0,4,7,1480,1968
6979940100,805000,5,3,3320,7266,2,0,3,9,3320,2000
8731982840,414000,4,3,3490,9030,2,0,4,8,3490,1969
6909200037,375000,2,2,1160,1648,2,0,3,7,1160,2002
1160000115,401000,4,2,3010,12523,1,0,3,8,1780,1952
7893207665,210000,3,1,1030,4583,1,0,3,7,1030,1967
8024201270,365000,2,1,980,5110,1,0,4,7,780,1939
3800008,178000,5,2,1990,18200,1,0,3,7,1990,1960
6788200931,710000,2,1,1790,4000,1,0,4,7,1040,1923
723049596,255000,2,1,810,7980,1,0,1,6,810,1928
7214711270,528000,5,2,2940,38009,1,0,3,8,1700,1977
4136980090,537000,4,4,4883,26040,2,3,3,10,3859,2006
9278200131,442000,4,2,1360,6110,1,0,3,7,1010,1955
4046600750,375000,3,2,1370,19550,1,0,3,7,1370,1978
9510970090,637250,4,3,2120,3220,2,0,3,9,2120,2005
2594200375,427500,3,2,1240,7200,1,0,5,7,1240,1942
1125069064,700000,4,3,2770,89298,2,0,3,8,2770,2004
117000100,680000,3,2,1660,5750,1,0,4,7,1080,1909
9212900820,393820,2,2,1170,8251,1,0,3,7,1170,1941
3959400855,525000,4,3,2470,7200,1,0,5,7,1350,1940
2028700265,505000,2,2,1310,3816,1,0,2,7,1110,1929
3041700090,555565,3,2,1670,11337,1,1,4,7,1670,1959
868001295,650000,3,2,1660,10819,1,0,4,7,1240,1942
7853270740,632500,5,3,3500,7254,2,0,3,8,2760,2005
5416500090,269000,3,3,1440,3800,2,0,3,7,1440,2005
3574801110,405000,4,3,2360,7716,1,0,3,7,1390,1978
624110930,845000,3,4,3460,15745,2,0,3,10,3460,1986
5335700110,234000,3,1,1750,8820,1,0,4,7,1750,1961
1176000964,638000,4,2,1470,4236,2,0,4,7,1470,1946
7334602070,290000,3,2,1710,10950,1,0,3,7,1060,1967
2420069251,262000,1,1,520,12981,1,0,5,3,520,1920
7885800740,270000,4,3,2350,5835,2,0,3,8,2350,2003
8082400076,875000,4,2,2380,4876,2,0,4,9,2240,1948
1310980110,299000,3,2,1920,7840,2,0,4,8,1920,1982
2354300740,551000,3,1,1580,6000,1,0,5,7,1580,1947
3023049236,350000,3,3,3070,5280,2,1,3,7,2360,1950
9808700405,1901000,3,3,2660,13367,2,2,3,10,2660,1992
2877102345,511718,2,2,1700,5000,1,0,3,6,850,1915
1924069058,965000,4,3,5010,49222,2,0,5,9,3710,1978
9269260100,475000,4,2,2680,4673,2,0,3,7,2680,1999
2877104265,1062000,4,3,2720,4000,2,2,5,8,1840,1928
3123039089,252000,2,1,940,15450,1,0,4,6,940,1926
8576400110,580000,6,3,3596,13700,1,0,5,8,1798,1964
7660600131,374950,2,2,1240,1172,2,0,3,8,1000,2008
2296500131,739000,5,4,4660,9900,2,2,4,9,2600,1979
1761300850,271000,4,2,1710,7200,1,0,5,7,910,1975
6083000037,230000,2,1,930,7550,1,0,3,6,930,1986
5259800090,210000,3,2,1430,9150,1,0,3,7,1070,1984
2968801366,350000,3,3,1650,5700,2,0,4,7,1650,1988
2126059172,491500,3,2,1560,12000,1,0,4,7,1110,1968
7334501250,325000,3,3,1870,9825,1,0,4,7,1250,1994
1545805490,190000,3,2,1320,7625,1,0,3,7,1320,1987
7518500855,658600,4,2,1400,4690,2,0,4,7,1400,1945
4171200025,299950,3,2,1940,8951,1,0,3,7,1300,1958
9818700215,464000,5,2,2000,3000,2,0,3,6,1200,1931
798000535,308000,3,1,1640,18144,2,0,3,6,1640,1942
3900100265,625000,3,1,1020,7650,1,0,3,6,1020,1919
1951100110,240000,3,2,1630,9450,1,0,4,7,1080,1977
7215420590,530000,4,3,2940,35996,2,0,3,9,2940,1995
3343301910,1000000,5,5,2120,8944,2,4,5,8,2120,1939
9828702095,439000,1,1,790,2400,1,0,3,7,790,1918
2917200645,575000,4,2,2020,6200,1,0,4,6,1010,1948
6163900501,418000,3,2,1530,7238,1,0,3,7,1530,1959
540100057,1208000,4,4,3250,10949,2,0,4,9,2940,1930
2652500300,1100000,4,4,2930,3200,2,0,5,9,2130,1925
1330300300,1900000,3,4,3150,8550,2,0,3,10,3150,2007
1137301780,580000,3,3,2180,40278,2,0,3,9,2180,1985
9842300485,380000,2,1,1040,7372,1,0,5,7,840,1939
7224000315,256000,3,1,880,5375,1,0,4,5,880,1924
6161000015,349950,3,1,1400,7066,1,0,3,8,1400,1957
5207200195,691500,4,3,2600,7200,2,0,3,7,2600,1962
9191201790,556000,3,2,1590,2500,2,0,4,7,1190,1908
8731902680,218000,3,2,1610,7084,1,0,4,8,1280,1968
9448300115,425000,4,2,1390,4500,2,0,5,7,1390,1908
4045500625,935000,3,3,3710,38509,2,0,3,10,3710,1998
5603700025,732000,4,2,2360,11300,1,0,4,9,2360,1974
1266200015,805500,3,1,1440,10330,1,0,4,7,1440,1952
952003350,507250,3,2,1400,5750,1,2,3,6,1100,1915
2386000300,800000,4,3,4600,67369,2,0,3,10,4600,1990
3625059143,600000,3,2,2100,8276,2,1,4,8,2100,1979
8651500850,627800,4,2,2010,12044,1,0,3,9,2010,1982
3359500110,660000,2,2,2550,6000,2,0,5,7,1860,1902
818500490,153503,2,3,1240,3649,2,0,3,7,1240,1986
3876311390,456500,3,2,2090,9163,1,0,3,7,1460,1975
8085400490,1306000,5,3,2770,8100,2,0,3,9,2770,2002
2355010090,843500,3,3,3560,11448,2,0,3,11,3560,1997
9550200265,625000,3,1,1240,4080,1,0,3,7,1240,1925
8818400490,527000,2,2,1640,4080,1,0,3,7,840,1921
8964800025,1965000,5,4,3940,13738,2,3,4,9,3940,1951
2125059112,1003000,5,3,3150,50094,2,0,4,9,3150,1969
2028700535,855000,4,3,2550,5300,2,0,3,8,1720,1908
4309710100,725000,4,3,3940,27591,2,3,3,9,3440,2000
4364700805,315000,1,1,580,7200,1,0,3,6,580,2000
3356407665,180000,3,2,1330,16000,1,0,3,7,1330,1978
9238900855,700000,2,1,930,5000,1,3,3,7,930,1926
1086100100,476500,3,1,1060,8625,2,0,4,7,1060,1962
6121000110,193000,3,2,1180,9048,1,0,3,7,1180,1960
8700100100,295000,4,3,1850,6663,2,0,3,7,1850,1990
9417400215,363000,2,1,820,4880,1,0,4,6,820,1925
7701961030,875000,4,3,3600,21794,2,0,4,11,3600,1990
2149800148,257200,3,2,1850,8250,1,0,4,7,1150,1952
686450490,555000,3,2,2240,11250,1,0,3,8,2240,1968
9413400165,380000,3,2,1860,15559,2,0,4,7,1860,1963
104550690,282000,4,3,2390,7330,2,0,3,7,2390,1989
1995200245,545000,4,3,2040,6034,2,0,3,7,2040,1990
7409700215,550000,3,2,1900,5000,2,0,3,7,1640,1926
7409700215,921500,3,2,1900,5000,2,0,3,7,1640,1926
1337800855,885000,3,2,2200,2880,2,0,5,7,1440,1904
7015200615,820000,4,2,2280,6660,2,2,3,8,1960,1940
8805400090,289000,3,1,1090,7315,1,0,5,6,1090,1981
2391602350,334000,1,1,670,5750,1,0,3,7,670,1942
844001140,206000,3,1,1050,5233,1,0,5,5,1050,1906
5210200131,491950,3,2,2090,10733,1,0,3,7,1440,1958
6893300110,430000,3,3,2030,7770,2,0,3,8,2030,2003
1796351080,208000,3,2,1250,7995,1,0,4,7,1250,1980
1938400300,245000,4,2,2600,6390,1,0,3,8,1390,1978
2877101340,426000,2,1,640,2500,1,0,4,6,640,1918
6084200100,400000,3,3,2120,3742,2,0,3,7,2120,2006
7977201910,553000,3,1,1330,5100,1,0,3,7,900,1942
6638900115,296000,2,1,750,4680,1,0,3,5,750,1948
2587920110,428000,3,3,2230,32660,1,0,4,8,2230,1977
3438500714,325000,4,3,1890,6156,1,0,3,7,980,1980
726049184,294000,2,1,820,6366,1,0,5,6,820,1952
2787720300,410000,3,2,1880,8424,1,0,4,7,1380,1977
2821049048,590000,4,4,2360,57514,2,0,4,8,2360,1939
3904901450,445000,3,2,1850,4050,2,0,4,7,1850,1985
9829200495,921000,4,3,2310,5362,2,4,4,8,2010,1928
1523089097,496000,3,2,2520,37616,1,0,3,8,2520,1955
2724200705,95000,2,1,800,8550,1,0,3,7,800,1947
8122600245,359000,4,2,1580,6396,1,0,4,6,790,1945
1323089184,452500,3,3,2430,88426,1,0,4,7,1570,1985
2600300110,555000,4,2,2350,6200,2,0,4,7,1410,1946
9485951030,549900,5,3,3800,42316,2,0,4,9,3800,1984
4021700025,569000,5,3,3670,10583,1,0,5,8,2060,1952
2473250850,318500,4,2,1780,7350,1,0,5,7,900,1974
9828702310,487028,2,2,1295,1093,2,0,3,9,1105,2007
7523700245,240000,3,1,1350,7560,1,0,4,7,950,1959
1765100025,253000,3,2,1440,9806,1,0,3,7,1440,1965
2011400405,380000,5,2,1320,38125,1,0,4,7,1120,1947
3410600015,250000,2,1,700,16828,1,0,4,6,700,1958
3276050110,368500,2,2,2510,19141,2,0,3,9,2510,1977
7792000025,340000,3,1,3180,27586,1,0,3,8,1400,1969
2810600015,400000,2,1,910,4000,1,0,3,7,910,1918
8081900011,835000,3,2,1570,4625,2,0,5,8,1570,1927
104550740,299000,3,3,2450,7062,2,0,3,8,2450,1993
1959701745,1675000,6,2,4910,6600,3,0,5,10,3580,1910
8078520090,265000,3,2,1570,5706,1,0,3,7,1570,1998
6403510090,437500,4,3,2680,7513,2,0,3,8,2680,1998
2326300090,865000,3,2,2090,4725,2,0,3,7,1610,1947
8078380090,626000,3,2,2150,7200,1,0,3,8,2150,1988
7132300042,247300,2,2,1140,1118,2,0,3,7,1040,2009
3861470110,2075000,4,4,4230,20377,2,0,3,11,4230,1997
2734101055,425000,3,1,1790,6000,2,0,2,8,1790,1937
4039701080,905000,5,4,3100,10200,1,4,3,9,1660,1970
464000600,641250,3,3,2220,2550,3,2,3,10,2220,1990
5437400100,675000,4,3,2370,9679,2,0,3,8,2370,1984
1423089055,845000,4,3,4070,115434,2,0,3,9,4070,2002
6713700100,401500,4,1,1790,8400,1,0,4,7,1260,1954
339600110,395000,3,3,1610,3755,2,0,3,7,1610,1987
5021900090,1100000,5,3,2830,18050,1,0,5,7,1630,1958
6099400053,145000,3,1,1010,5490,1,0,3,6,1010,1954
7518508625,900000,3,1,1560,3825,2,0,3,8,1390,1930
8143000490,374500,3,2,1330,8636,1,0,4,7,1330,1968
3260000300,850000,4,2,2330,10451,2,0,4,8,2330,1965
5742600090,490000,3,1,960,5750,1,0,3,7,960,1951
7212650850,304000,3,3,1710,6773,2,0,3,8,1710,1993
9158800090,400000,4,2,2230,7200,1,0,4,7,1300,1963
7820000038,454000,3,2,1700,10000,2,0,3,8,1700,1992
7135300026,160000,2,2,1040,4750,1,0,2,6,850,1950
8562700300,542000,3,2,1070,8030,1,0,3,7,1070,1966
6114400028,403500,5,3,3600,17300,1,0,4,8,2410,1968
3793501130,418000,4,3,2750,8471,2,0,3,7,2750,2003
6052400625,406000,4,2,1920,6000,2,1,3,7,1920,1951
2560805630,242500,3,2,1770,10000,1,0,3,7,1340,1978
9558020600,425000,4,3,2460,5440,2,0,3,9,2460,2003
9136101335,613000,4,2,1550,4815,2,0,3,7,1550,1909
9407101380,189000,3,2,1460,11481,1,0,2,7,1170,1995
8901500178,700000,4,2,2440,9450,2,0,3,7,2440,1947
9551201250,750000,3,1,1640,6516,2,0,4,7,1440,1935
3544400236,494000,2,1,1290,4650,1,0,4,7,1290,1906
7215730090,700000,4,3,3150,7778,2,0,3,9,3150,2000
8682291390,705000,2,3,2305,5580,1,0,3,8,2305,2007
1770000490,356000,2,2,1060,16470,1,0,3,7,1060,1977
2935400100,625000,3,2,2060,12558,1,0,4,7,1350,1984
7686205020,144975,2,1,900,7500,1,0,3,5,900,1940
3629921240,970000,4,5,3890,5906,2,3,3,11,3060,2004
1775801340,415000,3,2,1910,12596,1,0,3,7,1340,1977
3574801780,485000,4,3,2340,7048,1,0,4,8,1340,1979
7854800090,799950,3,3,2900,11769,2,0,3,10,2900,1997
4054530090,783350,4,3,3290,35001,2,0,3,10,3290,1991
8807900236,430000,1,1,630,1362,1,0,3,7,630,1943
1118001408,2544750,5,5,5410,13431,2,0,4,10,5050,1941
9290850740,975000,4,3,4270,43386,1,0,3,10,2680,1991
3025059089,950000,3,2,1700,8050,1,0,3,7,1130,1950
923000265,350000,2,1,1430,8157,2,0,3,7,1150,1944
8901001335,637000,4,3,2850,7510,2,0,3,8,2850,2008
1523059066,895000,3,2,2160,105415,1,0,3,10,2160,1991
5249801785,579000,2,2,1760,7200,1,0,5,7,880,1946
2190601055,314900,4,2,2700,27072,1,0,3,7,1380,1958
1917300025,122000,2,1,860,6000,1,0,3,6,860,1945
3797000300,405000,2,1,880,3000,1,0,5,7,880,1927
5332200026,553650,2,3,1360,1349,2,0,3,8,1050,1997
3278602760,369900,2,3,1770,1853,3,0,3,8,1770,2007
2721049059,225000,3,2,2030,24829,1,0,4,7,1220,1979
2172000750,160000,2,1,1180,9350,1,0,3,6,1180,1918
1022069058,449500,4,2,2430,199940,1,0,3,8,1310,1961
249000115,650000,3,1,1300,8266,1,0,4,7,1300,1953
7214710300,542126,4,3,2360,43088,2,0,3,8,2360,1977
192450300,309950,3,2,1200,15606,1,0,3,7,1200,1985
3356403820,115000,2,1,1000,16524,1,0,3,5,1000,1913
8075400100,221700,2,2,1556,20000,1,0,4,7,1556,1957
1982200245,726000,3,3,1890,3880,2,0,4,8,1460,1915
7905200037,515000,3,2,1810,5733,1,0,4,7,1010,1926
2597531030,756000,4,3,2730,10753,2,0,3,9,2730,1991
5318100645,1570000,4,4,3070,5850,2,0,5,9,2400,1927
7504400850,442000,4,2,2080,12007,1,0,4,8,1220,1979
1761300110,260000,4,2,1620,7992,2,0,4,7,1620,1975
9390700100,390000,2,2,1150,2723,1,0,4,7,770,1923
7518503200,459500,2,1,1250,3825,1,0,3,7,850,1929
3971700940,330000,3,2,1430,8000,1,0,5,7,1430,1948
1446403835,189000,2,1,790,7128,1,0,3,6,790,1944
9183702251,280000,3,1,1200,9322,2,0,4,7,1200,1954
5589900590,400000,2,2,2110,9519,1,0,2,7,2110,1948
7227501745,368000,4,2,3160,11193,1,0,5,6,2410,1942
2473350930,390000,4,2,2700,7875,2,0,4,8,2700,1968
6450303820,245000,2,1,820,7475,1,0,3,6,820,1945
5469000100,375000,4,3,1800,8432,1,0,4,7,1200,1960
8679600100,465000,5,2,1750,12491,1,0,3,6,1390,1961
638100015,445000,3,2,1540,67953,1,0,3,7,1540,1997
3241600015,250000,3,1,1130,7800,1,0,3,7,1130,1952
6411600026,475500,3,1,1500,9416,1,0,4,8,1500,1952
3179101050,672324,2,2,1600,5795,2,0,3,8,1600,1940
5363200266,420000,3,2,1200,5029,1,0,3,6,880,1937
7518502490,515000,3,2,1690,5100,2,0,5,7,1690,1907
7732400490,732350,4,3,2270,7665,2,0,3,9,2270,1986
5416510110,297500,4,3,1910,5000,2,0,3,7,1910,2005
8604900017,475000,3,2,1640,2720,2,0,3,8,1640,1929
808300490,414000,4,3,2120,6497,2,0,3,7,2120,2003
6855700115,357250,3,2,1400,8840,1,0,4,6,1400,1952
9325800110,289950,2,1,760,6000,1,0,4,6,760,1950
8121100015,550000,3,1,1070,3713,1,0,4,6,1070,1917
8568700015,446000,3,2,1460,9998,1,0,3,7,960,1958
6399600115,279000,3,2,1280,16738,2,0,4,5,1280,1932
5651010300,370000,3,2,1650,4859,2,0,3,7,1650,1988
3423049311,216000,3,2,1260,4125,1,0,3,6,1260,1998
7000100711,1100000,3,3,2200,20000,1,1,3,7,1400,1952
5482700115,1280600,4,3,3560,15450,1,1,5,8,2060,1977
9349900110,355000,2,2,1140,2500,1,1,3,7,630,1988
9328510100,699000,4,3,2550,7312,2,0,3,9,2550,1988
6300500475,412000,3,3,1553,1991,3,0,3,8,1553,2014
7849200315,276000,2,1,1140,7200,1,0,3,6,1140,1923
7813200115,100000,2,1,790,6426,1,0,3,6,790,1944
2851200100,955500,4,2,2130,5080,2,0,3,8,2130,1914
2823059055,199000,3,1,1390,21262,1,0,3,7,1390,1958
7853301560,762000,4,4,4000,15253,2,0,3,9,4000,2007
9477001280,425000,4,2,1520,7983,1,0,5,7,1520,1967
7905200147,546000,2,1,1657,5031,2,0,3,7,1657,1910
6190701110,419600,3,2,1680,8460,1,0,3,7,1180,1976
871001500,735000,4,2,2270,5102,1,0,5,8,1340,1954
2559950110,1234570,2,3,2470,609,3,0,3,11,1910,2011
3693900245,445000,2,2,1240,2500,2,0,3,7,1240,1985
1023089140,665000,3,2,1740,41275,1,0,3,8,1740,1974
3026059085,1290000,5,4,4090,290980,1,0,3,11,2920,2002
3575302345,508500,4,3,2520,12500,2,0,3,8,1720,1979
1568100076,345950,5,1,1340,11198,2,0,3,8,1340,1934
6600400090,207500,3,1,1640,9750,1,0,3,7,1640,1968
5451200110,1075000,4,3,3000,10920,1,0,4,8,1550,1969
3204300090,640000,3,1,1210,3720,2,0,4,8,1210,1930
3023039066,329500,3,1,1810,13068,1,0,4,7,1360,1941
3824100246,460000,4,3,2200,9676,1,0,3,8,1500,1979
7768700315,1230000,3,2,2200,14630,2,1,3,8,2200,1948
4154305290,805000,5,3,2350,6480,2,3,4,7,1650,1924
621069113,200000,3,2,1090,10454,1,0,3,6,1090,1963
1523059201,749700,3,2,2280,77972,1,0,3,8,1460,1977
1453602309,288000,0,2,1430,1650,3,0,3,7,1430,1999
7518504291,535000,2,1,1520,3360,1,0,4,7,830,1927
4058801240,330000,3,2,1620,7150,1,2,4,7,1280,1950
2313900165,479200,3,2,1510,3750,2,0,4,7,1510,1928
2122059206,373000,5,3,3001,5710,2,0,3,8,3001,2006
9282801720,355000,4,2,2020,6000,1,0,4,7,1010,1953
9542840590,275000,3,2,1380,4500,1,0,3,7,1380,2008
2493200015,380000,3,2,1520,4288,1,0,3,7,1020,1949
9550202870,417000,2,2,1090,4590,1,0,4,7,790,1915
98000750,1165000,5,4,4220,15959,2,0,3,11,4220,2004
7504010900,598500,3,2,2520,12000,1,0,3,10,2520,1978
1370803820,629000,3,2,1760,5000,1,0,5,7,960,1920
1446401220,226950,2,1,930,6600,1,0,3,6,930,1957
868000615,1225000,4,3,2600,11542,2,0,4,9,2200,1939
6625910100,415000,3,2,2180,11100,1,0,5,8,1700,1979
3629870110,595000,3,3,1910,3075,2,0,3,8,1910,2001
8651400750,209950,3,2,1100,5525,1,0,5,6,1100,1968
925069111,568000,3,2,1760,235224,1,0,3,7,1760,1973
3352402250,119900,2,1,700,3180,1,0,3,6,480,1951
4168000110,207000,3,1,1080,10200,1,0,4,7,1080,1962
5647900930,195000,3,1,1070,22489,1,0,3,7,1070,1967
2523039278,324950,3,2,1460,8710,1,0,3,7,1460,1955
6149700405,210000,1,1,1050,7583,1,0,4,6,1050,1947
203100690,1078000,4,3,3160,42733,2,0,3,9,3160,1995
4410600100,325088,4,1,1400,6739,1,0,3,7,1000,1954
3223059303,790000,4,3,3120,157875,2,0,4,8,3120,1977
522069097,150000,2,1,720,212137,1,0,3,5,720,1982
2023069059,790000,3,3,2840,206910,2,0,3,10,2840,1999
7987400356,255000,2,1,1220,2500,1,0,3,6,770,1910
461005360,697000,4,3,2820,2850,2,0,5,7,1860,1928
461004195,457500,2,1,840,5000,1,0,4,7,840,1908
9547204350,690000,3,2,1610,5100,2,0,5,8,1610,1940
2331300025,967000,4,3,1860,4356,2,0,3,9,1860,1917
2288000090,980000,4,2,2260,17711,1,1,4,9,2260,1968
5525400300,619420,4,3,2450,14803,2,0,4,9,2450,1988
9523103001,389000,2,1,850,3276,1,0,3,6,850,1910
5249802460,500000,3,1,1800,7200,1,0,3,7,1020,1964
7000100850,569000,4,2,1230,7890,1,1,4,7,1090,1950
9477000300,425000,4,2,2060,8540,1,0,4,7,1540,1967
8121100265,635000,4,2,2750,6180,1,0,4,8,1500,1948
2817100900,256500,2,1,1120,9912,1,0,4,6,1120,1980
3578700017,695000,4,3,3010,11393,2,0,3,8,3010,2005
7550800195,535000,4,2,1580,5000,2,0,3,7,1390,1945
3449900090,454200,4,3,2630,5379,2,0,3,8,2630,2004
9232900165,418500,2,1,790,5800,1,0,3,6,790,1943
1137300900,749950,4,3,3110,35235,2,0,4,9,3110,1983
2617370090,338500,3,2,2130,5489,1,0,3,8,1370,1999
5452301800,1250000,4,4,4520,9240,2,2,3,10,3270,1992
6648760100,299950,3,3,1600,9830,2,0,4,8,1600,1993
798000337,325000,4,2,1950,12500,1,0,3,7,1330,1963
1737300110,434000,4,3,2010,8171,2,0,3,8,2010,1973
2817800100,328950,4,2,2550,8976,1,0,5,7,1300,1978
5700003640,2095000,5,4,5340,10655,3,3,4,10,3740,1912
824069156,570000,4,2,2000,46902,2,0,3,8,2000,1978
1997200165,802000,3,2,2170,5001,2,0,3,8,2170,2014
4083301645,525000,3,1,1550,6840,2,0,3,7,1550,1918
3880900245,700000,6,3,2790,4550,3,0,4,8,2790,1907
1322059002,350000,3,2,1980,273556,1,0,3,6,1040,1956
2426039313,277500,2,2,1190,1236,3,0,3,7,1190,2005
6448000090,1575000,5,3,3650,20150,1,0,4,10,2360,1975
8005100025,195000,3,1,1510,4350,2,0,5,6,1510,1913
2891000750,222000,3,2,1200,6074,1,0,3,7,1200,1968
5456000110,865000,5,3,2830,8854,1,0,4,8,1500,1979
5393601050,445000,4,2,1650,6000,1,0,5,7,1000,1959
2979801095,495800,4,2,1710,4600,2,0,3,7,1710,1924
6840701095,548500,3,1,1740,4400,2,0,3,7,1740,1924
2221000100,310000,3,2,1840,10723,1,0,4,7,1220,1974
5070000100,205000,3,2,1820,8585,1,0,4,7,1820,1962
3793501450,470000,5,4,3860,6901,2,0,3,7,3860,2003
321079066,430000,3,2,1810,349351,2,0,3,7,1810,2002
2026049125,310000,2,2,1030,2271,3,0,3,7,1030,1999
1844500025,355000,4,1,1410,7693,2,0,4,7,1410,1953
3541600405,621500,5,3,2140,15950,1,2,4,8,1370,1968
1823049202,175000,6,2,1930,8400,1,0,3,7,1030,1971
1823049202,326000,6,2,1930,8400,1,0,3,7,1030,1971
1563100705,690000,4,4,1930,5400,2,2,3,7,1930,1920
7968200090,335000,4,3,2210,7214,2,0,3,8,2210,2003
5379802816,197000,4,1,1360,11175,1,0,3,7,1360,1961
3340401570,312500,3,2,1830,7969,1,0,3,7,930,1950
7300700056,436000,3,2,2120,6710,1,0,5,7,1420,1959
1257201130,1015000,4,3,2700,4590,2,0,3,8,2700,2002
7526400100,805000,4,3,3160,35225,2,1,3,9,2250,1992
7504400750,652427,4,2,2770,13129,2,0,4,8,2770,1979
1525059112,1008000,3,3,2240,41339,1,0,4,9,2240,1945
7300410300,355000,4,3,2570,6466,2,0,3,9,2570,1999
1326039039,334550,2,1,880,12000,1,0,3,7,880,1939
8100400110,557500,3,2,1820,9670,2,0,3,8,1820,1984
6385900090,277500,4,2,1660,7184,1,0,3,7,1110,1963
7229000025,300000,4,3,2200,10800,1,0,3,6,2200,1960
6145602355,325000,4,1,1640,3844,2,0,4,7,1460,1928
3600057,402500,4,2,1650,3504,1,0,3,7,760,1951
4040200490,461000,3,2,1420,5170,1,0,4,7,1420,1963
2919201095,540000,3,1,1270,3840,2,0,3,7,1270,1926
5248800625,385000,3,1,1070,4000,1,0,4,7,1070,1971
1257201295,480000,2,1,1060,3040,1,0,3,7,860,1924
3342700371,539950,3,2,2190,7149,1,1,4,8,1240,1963
1724079013,529000,3,2,1940,217800,2,0,3,9,1940,1990
2770606822,417000,3,3,1300,877,2,0,3,7,1060,2008
5706201930,405000,3,2,1330,12500,1,0,3,7,1330,1966
8731800300,299000,3,2,1940,9100,1,0,4,8,1630,1966
3751600457,299000,3,2,2100,15480,1,0,3,7,2100,1983
9169100214,372220,3,1,1290,5500,1,0,3,7,980,1951
809000820,494400,2,2,1560,1750,1,0,4,6,780,1904
9460000110,280000,3,2,2630,6500,1,0,3,7,1330,1958
7888780090,277950,3,3,2100,6021,2,0,3,7,2100,1992
2423059067,770000,3,3,2070,54557,2,0,3,8,2070,1996
1331900110,760000,4,3,2960,28005,2,0,3,10,2960,1989
6600490300,230000,2,2,1300,3608,1,0,3,7,1300,2004
6042000090,525000,4,3,2520,7731,2,0,3,9,2520,1994
7846700850,307000,3,1,1150,6000,2,0,3,7,1150,1927
5381600110,253779,4,2,2030,9600,2,0,3,6,1430,1947
3459100300,405000,3,2,1880,7400,1,0,3,8,1480,1968
8151600590,360000,2,1,2320,11250,2,0,4,6,2320,1942
7936000252,521000,2,1,1050,7500,2,3,4,6,1050,1910
2825059256,680000,4,3,3030,13068,2,0,3,9,3030,1978
1925069006,355000,1,1,530,33278,1,2,4,4,530,1950
1274500300,200000,3,2,1090,9600,1,0,4,7,1090,1968
7129304085,330000,3,2,2220,4060,1,0,3,7,1330,1993
104540820,221000,3,2,1430,5999,2,0,3,7,1430,1987
9272200090,1598890,4,5,3780,6000,2,4,4,11,2770,1910
1787600164,310000,2,1,1560,4920,1,0,4,6,780,1947
8127700215,862000,4,2,2220,4200,2,0,5,8,1310,1932
7348200115,200000,3,2,1140,8340,1,0,3,7,1140,1960
7752200100,630000,4,3,2540,11100,1,0,5,7,2540,1957
3904901570,432250,3,2,1440,6232,2,0,3,7,1440,1985
1238501116,478000,3,2,1570,9500,1,0,4,7,1070,1977
9392500100,249000,4,2,1860,9576,1,0,3,7,1400,1962
7857003465,495000,5,3,2440,4750,1,0,3,9,1450,2006
4038700930,630000,4,3,2100,8800,1,2,4,7,1240,1960
6979920090,550000,4,3,2150,27540,2,0,3,8,2150,1997
1515920090,350000,3,3,2440,18674,2,0,4,8,2440,1994
2473100090,270000,5,2,1930,7480,2,0,3,7,1930,1966
6402700100,488250,4,2,1830,9610,1,0,3,7,1830,1963
104530490,248000,4,4,1850,6519,2,0,3,7,1130,1986
2487200940,889000,4,4,3210,5000,3,0,3,9,3210,2014
6132600315,375000,1,1,1090,5250,1,0,3,6,980,1927
6848200475,933000,3,2,1870,3300,2,2,3,7,1870,1906
2141310490,625000,3,2,1920,8412,1,2,3,8,1460,1977
7571200110,328000,2,1,700,4350,1,0,3,6,700,1943
5072300100,470000,4,2,3380,9900,1,2,4,8,1690,1969
3342103148,502500,5,3,2430,6168,2,0,3,8,2430,2007
1770000090,484000,3,2,1950,17400,1,0,3,7,1210,1976
8658303585,252500,2,1,900,7500,1,0,4,6,900,1961
1115400090,610000,3,3,2060,8893,2,0,3,8,2060,1987
4400800061,419000,4,2,2180,10447,1,0,4,8,1280,1969
4137000590,322500,4,2,2140,9377,2,0,4,8,2140,1986
809000945,563000,6,1,1730,2760,2,0,3,7,1250,1918
4397000100,464000,4,3,3140,12591,2,0,3,9,3140,1993
3426049031,870000,4,4,3010,4887,2,3,4,10,1940,1951
4310702775,280000,2,2,800,1196,2,0,3,8,800,2003
8965450110,850000,3,3,3300,11570,2,0,3,9,3300,1994
2887700805,458950,2,1,1530,4370,1,0,3,7,1130,1946
1446401460,122000,2,1,760,5280,1,0,3,6,760,1946
225039175,525000,5,3,2450,4591,2,0,3,7,2450,1994
1151100165,286300,2,1,1000,31838,1,0,3,7,1000,1962
4330600301,218450,2,1,840,7425,1,0,4,6,840,1952
2767602141,525000,3,2,1380,4290,1,0,3,7,1080,1955
2767602141,650000,3,2,1380,4290,1,0,3,7,1080,1955
2223089048,356000,4,2,2020,48693,2,0,3,7,2020,1949
3693900985,436500,2,1,1260,5000,1,0,3,7,1040,1951
3574801790,410000,3,2,1440,7112,1,0,3,7,1180,1979
2568800121,512500,4,2,1540,8311,1,0,4,7,1540,1950
5249804560,510000,4,1,1060,7200,1,1,3,6,880,1925
7811100100,566000,4,2,1900,10297,1,0,4,8,1900,1966
6116500300,525000,3,2,2870,26500,2,1,3,8,2870,1948
2489200165,435000,3,1,1050,5500,1,0,3,6,930,1920
425079100,406500,3,3,1840,68479,1,2,3,8,1340,1989
1828001220,550000,5,3,3000,9473,1,0,3,8,1500,1966
5602000025,251000,3,2,1200,10212,2,0,5,6,1200,1949
191101015,830000,3,2,1840,10125,1,0,4,8,1220,1959
4249000100,803000,4,3,2790,7673,2,0,3,9,2790,1989
7877400266,206000,3,1,970,9360,1,0,4,5,970,1942
7657000165,200000,4,1,1070,7467,2,0,3,7,1070,1944
4302200535,219000,2,1,900,5160,1,0,3,6,900,1952
369000881,777000,4,4,2680,6000,1,0,3,7,1380,1962
7527200110,593700,3,3,2000,22000,2,0,3,8,2000,1979
1561600025,712500,3,2,1660,8797,1,0,4,7,1660,1956
2813100100,600000,4,2,1770,6014,2,0,4,7,1240,1946
3179100755,554663,3,2,1230,6802,2,0,3,7,1230,1940
1422700110,267000,3,1,1740,10875,1,0,4,7,1020,1962
1075100090,390000,3,2,1710,8910,1,0,5,7,1710,1953
7338402690,335000,6,2,2020,7071,1,0,3,7,1010,1979
5451210100,938000,4,3,2410,9886,1,0,5,8,1990,1975
7523900300,370000,4,3,2310,14745,1,0,3,7,1410,1993
7237300090,335000,5,3,2400,4548,2,0,3,7,2400,2003
4083303815,695000,5,2,3160,3990,2,0,3,7,1870,1923
6117501015,387500,3,1,1560,14333,1,0,4,7,1560,1953
6700390100,245000,3,3,1770,6187,2,0,3,7,1770,1992
7334401450,308550,3,2,1600,13200,1,0,3,7,1600,1990
8588000315,225000,3,2,1330,13102,1,0,3,7,1330,1968
3121500100,715000,4,3,2970,29163,2,0,3,9,2970,1993
726049202,335000,3,1,1020,10200,1,0,4,7,1020,1954
3629760110,634000,3,3,2490,4904,2,0,3,9,2490,2003
8692800025,337500,5,2,1700,7314,1,0,3,7,1000,1956
4392200165,440000,1,1,850,6567,1,0,4,6,850,1940
1023089228,350000,3,2,1250,13775,1,2,3,7,1250,1990
7625702615,400000,2,1,610,4560,1,0,3,5,610,1918
8081030090,1288000,4,4,3700,13175,2,0,4,11,3700,1989
2201500490,435000,3,1,950,10080,1,0,4,7,950,1954
7853250090,681000,4,3,3860,5130,2,0,3,8,2930,2004
7133300044,397000,3,4,1360,1275,2,0,3,8,1240,2007
293700110,775000,4,3,3890,34513,2,0,3,10,3890,1996
4038100110,480000,3,2,1680,9090,1,0,4,7,1130,1959
7697870600,158000,3,3,1520,7200,2,0,4,7,1520,1985
8847400115,590000,3,2,2420,208652,2,0,3,8,2420,2005
7853240100,772500,5,3,3890,9130,2,0,3,9,3890,2004
326049058,464500,5,2,2940,13425,1,0,3,8,1470,1955
8732800090,281000,3,2,1350,8737,1,0,3,7,1350,1966
2526059086,620000,3,2,2190,45738,1,0,3,8,2190,1990
2391600165,475000,3,2,2280,5750,1,1,4,7,1150,1985
7225000090,245000,2,2,1070,4500,1,0,4,6,910,1932
1868901295,660000,5,2,2540,3750,2,0,4,7,1510,1925
6072100490,527500,4,2,2270,8480,1,0,5,8,1310,1973
2522069064,135000,2,1,1220,7250,1,0,4,6,1220,1914
806800090,275000,3,2,1890,5000,1,0,3,7,1890,2003
7228500375,430000,4,2,1990,4740,1,0,3,7,1080,1926
2891100820,213500,3,1,1220,6000,1,0,4,7,1220,1968
8564850300,535000,3,3,2640,5978,2,0,3,9,2640,2012
3861400061,641000,3,2,1480,9603,1,0,3,7,1480,1952
3343903647,436300,3,2,2320,9420,1,0,5,7,2320,1952
809002680,1440000,4,2,2410,6000,2,0,3,8,2410,1911
5450300195,830000,4,3,2090,13500,1,0,4,8,2090,1949
1231001110,380000,3,1,920,3532,1,0,3,6,920,1910
6303401050,132500,3,1,850,8573,1,0,3,6,600,1945
1003400245,179950,3,1,1130,9907,1,0,3,7,1130,1954
7468900245,188200,3,1,1260,7265,1,0,4,7,1260,1954
5021900265,659000,4,2,2090,10800,1,0,4,7,2090,1951
8100900015,317000,3,2,2020,7260,2,0,3,7,1180,1926
573000490,625000,3,2,1970,4564,1,0,3,8,1470,1959
4022900837,350000,3,2,1820,9545,1,0,3,7,1230,1976
475001295,750000,3,2,1840,5000,2,0,5,7,1340,1915
5256500025,457000,4,2,2100,10358,1,0,5,8,1280,1959
2767601390,632500,4,2,1770,5000,2,0,4,7,1770,1906
6700400110,223000,3,2,1110,7231,1,0,4,7,1110,1991
8860300300,610000,4,3,2090,8400,1,0,4,8,1240,1976
3738900165,385000,4,2,2080,8215,2,0,4,7,2080,1948
1314300018,367500,3,3,1400,1343,2,0,3,7,1160,2005
3992700265,385100,3,1,1060,8040,1,0,4,6,1060,1949
1105000296,230000,2,1,720,5913,1,0,3,6,720,1920
1773100121,286000,3,3,1100,750,2,0,3,7,780,2008
7585000110,201700,3,1,1010,9576,1,0,4,7,1010,1967
822069112,1350000,4,5,5230,89298,3,0,3,11,5230,2002
5423030300,525000,4,2,2420,7672,1,0,3,8,1480,1979
1387301730,361000,3,2,1200,7236,1,0,3,7,1200,1975
4447300008,530000,3,2,1950,1963,3,0,3,8,1950,2002
6413600123,455000,3,2,1870,7403,1,0,3,7,1870,1950
3288100100,421000,4,2,1310,8400,1,0,4,7,1310,1966
6127600110,640000,4,2,1520,6200,2,0,3,7,1520,1945
3423049165,240000,3,1,1270,12733,1,0,3,7,1270,1955
1233100601,360000,2,1,840,7414,1,0,4,6,840,1928
3422059085,157340,2,1,900,23000,1,0,2,7,900,1953
9294300600,1240000,4,3,3010,6139,2,4,5,8,2560,1950
7282900025,250000,3,1,1050,6874,1,0,3,6,1050,1954
2526059076,735000,6,3,3360,84506,1,0,5,7,2040,1962
5451100490,884900,7,5,5370,10800,2,0,3,8,5370,1967
126059097,775000,3,4,2690,104544,2,0,3,8,2690,1948
7739100015,463000,3,2,1710,7320,1,0,3,7,1710,1948
9828702251,579000,3,3,1640,1269,3,0,3,8,1640,2009
9558040820,570000,6,4,4000,6015,2,2,3,10,3080,2004
1437580600,1060000,5,5,4140,7924,2,0,3,10,4140,2005
5469502460,375000,4,3,3140,24800,1,0,4,8,2080,1971
2919701105,422000,2,2,1320,2609,1,0,4,7,920,1938
952003585,866500,4,4,3080,4945,2,0,3,9,2010,2014
3066400750,705000,3,3,2500,10359,2,0,3,10,2500,1986
2607740100,470000,4,3,2520,9684,2,0,3,8,2520,1994
793200100,360000,3,1,2350,6200,1,0,4,7,1320,1966
6744700900,795000,4,3,2570,13450,1,4,3,8,1510,1948
1828300100,800000,4,3,3100,7807,2,0,3,9,3100,2003
1118000110,2453500,4,4,4730,13586,2,0,5,10,4270,1935
9297301015,277284,3,2,1030,4800,1,0,3,6,930,1927
585000008,460000,2,1,1020,4002,1,0,5,7,1020,1953
4070700300,898888,3,3,2080,3729,2,0,3,9,2080,1996
3026079031,211000,3,1,1410,47916,1,0,3,7,1410,1981
2781250750,222000,2,2,1360,3300,2,0,3,6,1360,2004
203100625,672000,3,3,2620,21587,2,0,3,7,2620,1992
687600110,778000,3,2,2260,33080,1,0,5,9,1690,1974
2473372250,312500,3,2,1490,9493,1,0,4,8,1490,1976
7974700112,650000,4,3,2530,6500,2,0,3,8,1720,1975
2330000015,740000,6,2,3140,10250,1,0,4,8,1570,1959
7230300100,320000,3,2,1820,17600,1,0,5,7,1820,1972
2133010110,455000,4,3,1770,13168,2,0,3,7,1770,1990
4389201250,2450000,5,4,4430,9000,2,0,3,10,4430,2013
3383900057,500000,3,3,1490,902,3,0,3,8,1220,2001
2424410110,325000,3,2,1790,27427,1,0,3,7,1130,1978
3126049436,416000,3,3,1710,1296,3,0,3,8,1510,2004
9238500100,495000,4,2,2070,20280,2,0,4,7,2070,1968
9828700900,549000,2,1,1140,5400,1,0,5,7,1140,1908
686400930,589000,5,2,3930,10150,2,0,4,8,3070,1968
5515600088,194820,3,2,1100,32700,1,0,3,7,1100,1967
1254200015,405000,3,3,2260,5500,2,0,3,7,1280,1910
1254200015,625000,3,3,2260,5500,2,0,3,7,1280,1910
1523049209,205000,3,1,1130,7014,1,0,3,7,1130,1954
561000300,345100,3,4,1950,8625,1,0,3,8,1360,1959
399000195,200000,3,1,960,7500,1,0,3,6,960,1953
2540700110,1905000,4,4,4210,18564,2,0,3,11,4210,2001
2523089097,524500,3,2,3430,264844,1,2,3,7,2230,1988
3026079055,598600,4,3,3470,212639,2,0,3,7,2070,1993
1105000011,367777,5,3,2140,5937,1,0,3,7,1280,1978
5113400535,750000,3,3,2520,5401,1,0,4,7,1360,1946
3876301140,575000,5,2,3550,7992,2,0,3,8,3550,1968
1523049188,84000,2,1,700,20130,1,0,3,6,700,1949
5621100115,255000,2,1,740,5000,1,0,4,6,740,1926
4219401080,1740000,4,4,3300,4545,2,4,3,10,2600,1926
2112700600,415000,3,2,1640,5880,1,0,3,7,1240,1977
3222049112,449900,3,3,2780,8225,2,1,3,9,2780,1990
622059019,220000,5,2,1830,94960,2,0,3,7,1830,1929
9348700490,899000,4,3,3540,9349,2,0,3,10,3540,2003
9259900025,430000,3,3,1440,7320,1,0,5,7,1440,1954
3022059066,472500,4,3,2960,223462,2,0,3,10,2960,2001
1777500090,680000,6,3,3180,9375,1,0,4,8,1590,1967
3885803245,1650000,5,4,3310,8400,2,0,3,10,3310,2000
8819901030,810000,3,2,2390,8025,2,0,5,7,2390,1921
2623069067,605000,3,3,2460,138085,2,0,4,9,2460,1977
8635700025,522000,3,2,1630,15600,1,0,3,7,1630,1958
98020300,759000,5,3,3490,8230,2,0,3,10,3490,2005
7243500025,411000,4,3,2500,5257,2,0,3,8,2500,1966
3329510850,286950,4,3,2080,9846,1,0,3,7,1240,1984
9521100855,440000,3,2,1290,1286,3,0,3,7,1290,2000
723049156,149000,3,1,1700,8645,1,0,3,6,1700,1955
723049156,284700,3,1,1700,8645,1,0,3,6,1700,1955
5130000090,374950,3,3,2540,11562,1,1,3,8,1290,1964
8562400025,816000,3,2,1180,8545,1,0,3,8,1180,1952
5706201140,533250,4,2,1520,15398,1,0,4,7,1370,1960
3034200198,689800,3,3,2390,9313,1,0,5,8,1390,1942
4077800017,775000,4,3,2740,6200,2,3,4,8,1820,1947
1245500099,702000,3,3,2190,8528,1,0,3,8,1760,1991
4435000705,160000,3,1,1350,8700,2,0,3,6,1350,1942
4435000705,255500,3,1,1350,8700,2,0,3,6,1350,1942
2225059118,949000,4,3,2980,42253,1,0,4,9,1860,1973
5126900405,169500,2,1,790,7450,1,0,4,6,790,1944
5603800110,586000,4,2,2130,9000,2,0,4,8,2130,1965
2426059076,680000,4,3,2700,37431,1,0,4,8,1600,1978
3260200110,851500,3,2,3200,18184,1,0,5,8,2000,1977
4235401055,582500,2,2,1159,4800,1,0,3,7,1159,1948
1550000463,637000,4,4,3080,118918,2,0,3,9,3080,2008
1823049144,225000,3,1,1000,9295,1,0,3,7,1000,1955
7012200215,795000,3,3,2260,3727,2,0,3,8,1880,2003
5149300100,304999,4,2,2270,9600,1,0,3,7,1290,1976
7335400215,95000,1,1,760,5746,1,0,4,5,760,1915
7227501450,240000,4,2,1420,5382,1,0,5,5,1040,1942
8146300025,772000,4,3,2500,8680,1,0,4,7,1250,1958
3530540090,245000,2,2,1450,6258,1,0,4,8,1450,1983
9284802215,430000,5,3,2500,5750,1,0,3,8,1430,1999
1250202430,799000,3,2,2210,6300,2,0,5,8,2210,1916
1241900028,880000,5,3,3020,9187,2,0,3,9,3020,2007
8691400600,750000,4,3,3290,7538,2,0,3,9,3290,2004
1118000301,2890000,4,4,5780,7173,2,0,3,11,4130,2008
3905081500,532000,3,3,1820,4910,2,0,3,8,1820,1993
5611000090,525000,4,3,2500,10330,1,0,4,8,1380,1978
2013800705,239000,2,1,1210,9375,1,1,4,7,1210,1952
9276200850,460000,2,2,1090,4000,1,0,3,8,970,1951
2785000110,540000,4,2,1330,8400,2,0,3,8,1330,1962
2919702655,475000,2,1,890,4590,1,0,3,7,890,1923
3942900115,445000,3,2,1360,4998,1,0,3,8,1360,1968
5452301810,1575000,5,4,4220,9240,2,2,5,11,3420,1991
5104511730,549950,4,3,3780,6800,2,0,3,8,3780,2004
3923400123,294950,4,2,2610,14321,2,0,4,6,1690,1940
2249500367,736000,3,3,1980,2975,3,2,3,8,1980,1993
2916600110,214946,3,2,1290,8688,1,0,4,7,1290,1980
3629921140,856000,5,3,3620,5500,2,2,3,9,3620,2003
8682250090,775000,2,3,2680,7392,1,0,3,9,2680,2004
6929602605,205000,3,2,1200,8631,1,0,3,7,1200,1959
8550001515,429592,2,3,1992,10946,2,4,5,6,1288,1903
1775800740,414250,4,2,1640,13566,1,0,4,7,1120,1977
1773101340,399950,4,3,1920,4400,1,0,4,6,960,1906
5561710110,319990,3,2,1840,7326,1,0,5,7,1370,1979
1115800110,524000,3,2,1310,9471,1,0,4,8,1310,1970
2131701240,349950,2,1,1050,6317,2,0,4,7,1050,1913
8827901450,889000,4,3,2570,4480,2,0,4,8,1580,1927
4302200336,300000,3,1,930,5160,2,0,5,6,930,1919
7550800916,395000,1,1,730,3000,1,0,3,7,730,1911
534000112,348000,2,3,1270,1242,3,0,3,7,1270,2008
3885801450,830000,2,1,1150,6000,1,1,4,7,710,1921
522059013,173000,2,1,820,10450,1,0,4,7,820,1965
3342700405,585000,4,2,3000,42200,1,3,3,7,1500,1950
9276201140,576750,3,2,2220,5000,1,0,4,7,1110,1966
7972601280,495000,5,3,2500,7620,1,3,3,7,1250,1962
2734100734,216650,3,4,1540,1427,2,0,3,7,1360,2007
4022900077,615000,4,3,2750,15450,1,0,3,8,1800,1978
1777600490,675000,4,3,3130,12463,1,0,4,8,1620,1978
2193310300,510000,3,2,1430,9250,1,0,4,8,990,1983
2322069168,630000,3,3,2680,327135,2,0,3,8,2680,1995
7885800900,359950,4,3,3010,5701,2,0,3,8,3010,2003
1545800090,265000,3,2,1530,7500,2,0,3,7,1530,1986
7131300025,210000,3,1,1240,4842,1,0,4,6,1240,1916
3221079055,367000,3,3,2260,93218,1,2,4,6,2260,1998
9184700535,1075000,4,2,2820,5000,2,2,4,9,1800,1926
1877500090,756000,3,3,3560,8297,1,2,4,8,1650,1948
723049476,203000,3,2,1630,9145,1,0,3,7,1630,1960
8556800100,535000,4,3,2880,23994,2,3,3,9,2880,2002
9830200475,525000,3,3,2200,7440,2,0,4,7,1710,1947
2525000690,347500,3,2,1620,7500,1,0,3,7,1220,1981
1891100090,620000,3,2,1480,2185,3,0,3,9,1480,2005
3447000100,645000,4,3,2250,10696,2,0,3,8,2250,1996
1118001295,2200000,4,3,3540,11098,2,0,3,10,3000,1940
7968460110,280000,3,2,1790,42399,1,0,4,7,1790,1990
5101406489,432000,3,2,1400,6380,1,0,4,7,700,1924
9275702350,790000,3,2,2390,4452,2,1,3,9,1790,1929
7752000090,635000,4,2,2400,10050,1,0,5,8,2400,1957
293000165,442000,3,2,2050,6384,1,0,3,7,1350,1958
7852100110,490000,4,3,2640,5267,2,0,3,7,2640,2001
1311000600,250000,5,2,2320,7700,1,0,5,7,1290,1962
1732800820,1325000,4,3,2440,3600,3,0,4,8,2440,1902
7893203565,120000,3,1,1260,7500,1,0,3,6,1260,1954
2524049166,2950000,5,5,6240,47480,1,3,3,11,4610,2003
9406550100,325000,4,3,1930,8458,2,0,3,7,1930,1993
3327000090,210000,4,2,1200,7680,1,0,3,7,1200,1968
1220000100,215000,1,1,970,7639,1,0,4,5,570,1920
1066600025,387000,3,2,1810,10800,1,0,5,8,1210,1968
3626039228,408000,3,1,1380,7015,2,0,4,7,1380,1925
7635801032,410000,3,1,1470,6500,1,0,4,7,1470,1953
4364700600,216000,3,1,1010,7920,1,0,3,6,1010,1925
4364700600,390000,3,1,1010,7920,1,0,3,6,1010,1925
7774200236,357000,3,2,1340,11744,1,0,2,7,1340,1950
8025700590,215000,3,1,970,7275,1,0,4,7,970,1970
7129302095,265000,3,1,1122,6554,2,0,3,5,1122,1900
2997800076,589950,3,3,1670,1350,3,0,3,9,1350,2014
7740100015,440000,3,2,2840,16851,1,3,3,8,1600,1950
5279100625,248000,2,1,770,8600,1,0,4,4,770,1914
1126059144,730000,3,2,2040,130680,2,0,3,9,2040,1977
5409800110,425000,4,3,3052,12145,2,0,3,8,3052,2004
7963900100,680000,3,3,2620,14248,2,0,4,8,1830,1977
9264910100,341500,5,2,3120,10400,2,0,3,8,3120,1980
8819900449,395000,2,1,1100,3975,1,0,3,7,900,1950
1525059160,1225000,4,3,3410,95396,2,0,4,10,3410,1962
7526800100,695500,5,3,2510,9180,1,1,4,8,1600,1975
6385100100,308000,3,2,1680,8629,1,0,3,8,1200,1977
2085200261,422500,3,2,1960,6450,1,0,4,7,1000,1977
3522900061,418000,2,1,1040,6900,1,0,4,7,1040,1915
2570500090,385000,5,2,1750,9780,2,0,4,7,1750,1961
5482700100,876650,3,3,2170,12508,2,0,5,9,1650,1928
567000268,450000,3,3,1639,2710,2,0,3,8,1479,2003
3649100315,418800,4,2,2100,9984,1,0,4,7,1290,1973
6821102352,330000,2,1,880,1753,2,0,4,7,880,1945
6072300110,550000,3,2,1940,8376,1,0,4,8,1290,1963
3223049131,270000,4,3,2490,11650,1,0,3,7,1390,1990
1068000110,978500,3,2,2060,7080,2,0,3,9,1800,1940
2600020100,975000,4,3,2720,10455,2,2,3,10,2500,1981
5422500110,455000,3,2,2180,6850,1,0,3,7,1750,1973
4055700378,1415000,4,3,3600,38016,2,2,3,11,3310,1991
795000820,220000,2,1,840,9000,1,0,5,6,840,1951
925059113,490000,3,2,2370,12196,2,0,4,7,2370,1970
3275000090,420000,4,2,2270,9100,2,0,3,7,2270,1978
8946700100,408500,4,3,2720,7043,2,0,3,9,2720,2003
809002485,716000,3,2,1140,4800,2,0,3,7,1140,1915
5332200405,965000,4,3,2460,5000,2,0,5,8,1620,1938
1775950100,357823,3,2,1240,9196,1,0,3,8,1240,1968
9808700762,7062500,5,5,10040,37325,2,2,3,11,7680,1940
1133000542,425000,3,2,1670,9500,1,0,3,7,1170,1977
7905200315,711777,4,2,2220,6731,1,0,4,7,1110,1953
3949600090,335000,3,1,980,9903,1,0,4,7,980,1966
9274201730,825000,4,2,1890,6938,2,0,3,8,1890,1919
7883604065,210000,2,1,1100,6000,2,0,4,6,1100,1900
1158700100,575000,2,2,2770,19700,2,0,3,8,1780,1983
7237500110,1208000,4,3,4250,10925,2,0,3,10,4250,2003
8682280490,431500,2,2,1370,4866,1,0,3,8,1370,2005
224059111,475000,3,2,1480,13457,1,0,3,7,1480,1959
4141800215,1495000,4,4,3770,4000,3,0,5,9,2890,1916
1822069097,540000,6,3,2870,206474,2,0,3,7,2330,1960
1668500100,775000,3,3,3820,35016,2,0,4,9,3820,1987
1254200615,635000,3,3,1530,2978,1,0,3,7,1210,1997
7135520300,1300000,3,3,4120,16365,1,2,3,12,4120,1999
1755700090,405000,3,2,1590,7267,1,0,4,7,1100,1976
2414600195,210000,3,1,1520,8600,1,0,3,6,1040,1951
3592500985,880000,4,3,2350,4675,2,0,3,9,2150,1923
1003600056,239000,4,2,1370,8837,2,0,3,7,1370,1955
9285800755,515000,3,3,1540,6100,1,0,3,6,770,1944
1269200229,1379900,3,3,3786,38038,1,4,3,9,1934,1978
304100090,215000,4,2,1500,5393,2,0,3,7,1500,1999
7227800110,315000,6,2,1750,17685,1,0,4,5,1750,1943
7507500015,442500,3,2,1800,8303,1,0,3,7,1200,1957
621069146,311000,2,2,1180,55321,1,0,3,8,1180,1941
263000164,425000,2,1,830,6030,1,0,4,6,830,1925
263000291,433500,3,2,1540,9450,1,0,4,6,1040,1919
1566100625,450000,3,2,1610,8296,2,0,3,8,1610,1978
8861500015,675000,3,2,1990,10260,2,0,4,8,1990,1987
8961990090,535000,3,3,2070,4132,2,0,3,8,2070,1999
3584900090,577000,3,2,1760,12874,1,0,4,7,1230,1967
8902000407,480000,3,2,1740,8528,1,0,4,7,1290,1939
3026059014,400000,3,2,1950,4473,1,0,4,6,1530,1914
7304300906,304000,3,1,1280,8184,2,0,4,6,1280,1947
8155820110,355000,3,2,1460,7203,1,0,3,7,1460,1990
722069232,998000,4,3,3770,982998,2,0,3,10,3770,1992
1825069031,550000,4,2,2410,8447,2,3,4,8,2060,1936
1825069031,550000,4,2,2410,8447,2,3,4,8,2060,1936
3348401584,210000,3,2,1400,7300,2,0,3,6,1400,1948
8029500100,317000,3,3,2100,7587,2,0,3,9,2100,1990
7964410100,700000,4,4,5360,25800,1,0,3,9,3270,1971
1457500026,265000,3,1,1000,9150,1,0,3,7,1000,1969
7215730590,700000,4,4,3150,6175,2,0,3,9,3150,2001
7525530100,1020000,5,4,4180,17841,2,2,3,10,3160,1990
1925059194,1145000,4,2,2840,20242,1,0,3,8,2240,1972
5561401110,460000,4,3,2110,35091,1,0,4,8,1290,1985
7173700524,410000,2,2,1660,4000,1,0,3,7,1000,1950
9828202215,665000,4,3,2160,4400,1,0,5,7,1320,1921
4113800300,600000,4,3,2420,7744,2,0,3,9,2420,1994
6145600855,502000,4,2,1920,3844,1,0,3,7,1170,1967
2130702350,364950,4,3,2310,8030,2,0,3,7,2310,1978
8815400735,680000,3,2,2330,4000,2,2,5,7,1520,1927
5152600090,235500,5,3,2340,13713,1,0,2,8,1670,1967
7852090750,576000,4,3,2590,5756,2,0,3,8,2590,2001
2488200459,405000,2,3,1410,1240,2,0,3,8,1140,2006
8035600590,335000,3,3,2850,8039,1,0,4,8,1540,1989
4438000165,122000,2,1,730,6728,1,0,3,6,730,1953
6744700423,432000,3,2,1470,6250,1,3,4,7,1070,1939
2473002100,375000,4,2,2330,11400,1,0,4,8,2330,1974
4399200245,276000,4,2,2460,11250,1,0,4,8,2460,1959
1326059085,450000,3,2,2080,111513,2,0,3,8,1680,1977
6324000090,210000,2,1,990,8140,1,0,1,6,990,1910
9542830600,279000,3,3,1450,4106,2,0,3,7,1450,2011
2767604580,635000,3,2,1340,3900,2,0,5,7,1340,1900
662310900,350000,3,3,2730,7372,2,0,3,9,2730,1998
1432600100,218000,3,1,1140,7560,1,0,4,6,1140,1958
8928100025,750000,4,2,1950,6300,2,1,3,7,1650,1944
1221039058,310597,4,2,2000,25700,1,0,4,7,1150,1958
3840700600,355000,3,1,900,37800,1,0,4,5,700,1923
8691410100,735000,5,3,3390,5211,2,0,3,9,3390,2004
7883607645,155000,1,1,720,6000,1,0,3,6,720,1940
9435300051,354000,3,1,940,10368,1,0,3,7,940,1965
6179900090,415000,3,2,1770,10513,1,0,4,7,1400,1982
6840700165,202000,1,1,590,833,1,0,4,7,590,1926
2768301217,580000,3,3,1980,1873,2,0,3,7,1470,1996
629000615,1495000,4,3,3070,10375,2,0,3,10,2180,1962
7202360600,790000,4,3,3500,7519,2,0,3,9,3500,2004
7852020590,499900,3,3,2100,5112,2,0,3,8,2100,1999
2023039160,525000,4,2,2620,98881,1,0,3,7,1820,1952
2597520090,810000,4,3,2810,10613,2,0,3,9,2810,1989
8631600025,425000,4,2,2290,8773,1,0,4,7,1330,1947
8100000110,241250,3,2,1350,7588,1,0,3,7,1350,1993
5151800015,318700,4,3,2770,19116,1,0,4,8,1600,1961
9521101055,720000,4,2,2530,5000,2,2,5,8,2070,1917
